"Sender.HCHL","Receiver.HCHL","Weight","Year","n","sum.value","avg.value.pair","sum.value.cnst","avg.value.pair.cnst"
"H_HHC","H_HHC","adjacent",1988,1,0.2,0.2,0.37,0.37
"H_HHC","H_HHC","adjacent",1990,1,0.88,0.88,1.32,1.32
"H_HHC","H_HHC","adjacent",1992,1,5.84,5.84,7.99,7.99
"H_HHC","H_HHC","adjacent",1993,1,26.88,26.88,45.18,45.18
"H_HHC","H_HHC","adjacent",1994,1,43.81,43.81,72.97,72.97
"H_HHC","H_HHC","adjacent",1995,1,8.92,8.92,14.3,14.3
"H_HHC","H_HHC","adjacent",1996,2,66.92,33.46,96.9,48.45
"H_HHC","H_HHC","adjacent",1997,2,23,11.5,35.69,17.845
"H_HHC","H_HHC","adjacent",1998,2,24.39,12.195,37.78,18.89
"H_HHC","H_HHC","adjacent",1999,2,24.09,12.045,38.52,19.26
"H_HHC","H_HHC","adjacent",2000,2,21.67,10.835,39.32,19.66
"H_HHC","H_HHC","adjacent",2001,2,0.1,0.05,0.17,0.085
"H_HHC","H_HHC","adjacent",2002,1,0.24,0.24,0.37,0.37
"H_HHC","H_HHC","adjacent",2003,2,0.53,0.265,0.66,0.33
"H_HHC","H_HHC","adjacent",2004,1,0.26,0.26,0.28,0.28
"H_HHC","H_HHC","distant",1988,4,4.6,1.15,5.19,1.2975
"H_HHC","H_HHC","distant",1989,7,4.3,0.614285714285714,6.05,0.864285714285714
"H_HHC","H_HHC","distant",1990,7,9.44,1.34857142857143,13.89,1.98428571428571
"H_HHC","H_HHC","distant",1991,9,7.99,0.887777777777778,9.39,1.04333333333333
"H_HHC","H_HHC","distant",1992,9,64.16,7.12888888888889,66.55,7.39444444444444
"H_HHC","H_HHC","distant",1993,8,20.85,2.60625,21.2,2.65
"H_HHC","H_HHC","distant",1994,9,27.11,3.01222222222222,23.14,2.57111111111111
"H_HHC","H_HHC","distant",1995,11,30.14,2.74,26.79,2.43545454545455
"H_HHC","H_HHC","distant",1996,12,50.25,4.1875,49.01,4.08416666666667
"H_HHC","H_HHC","distant",1997,13,63.59,4.89153846153846,66.56,5.12
"H_HHC","H_HHC","distant",1998,12,45.72,3.81,61.2,5.1
"H_HHC","H_HHC","distant",1999,13,42.86,3.29692307692308,54.19,4.16846153846154
"H_HHC","H_HHC","distant",2000,14,41.37,2.955,50.05,3.575
"H_HHC","H_HHC","distant",2001,12,29.3,2.44166666666667,36.48,3.04
"H_HHC","H_HHC","distant",2002,11,37.26,3.38727272727273,43.87,3.98818181818182
"H_HHC","H_HHC","distant",2003,13,30.15,2.31923076923077,33.16,2.55076923076923
"H_HHC","H_HHC","distant",2004,12,19,1.58333333333333,19.68,1.64
"H_HHC","H_HHC","distant",2005,7,21.44,3.06285714285714,21.65,3.09285714285714
"H_HHC","H_HHC","distant",2006,9,20.2,2.24444444444444,21.31,2.36777777777778
"H_HHC","H_HHC","distant",2007,8,19.63,2.45375,19.76,2.47
"H_HHC","H_HHC","distant",2008,8,25.08,3.135,23.21,2.90125
"H_HHC","H_HHC","distant",2009,9,46.95,5.21666666666667,40.47,4.49666666666667
"H_HHC","H_HHC","distant",2010,8,124.2,15.525,102.26,12.7825
"H_HHC","H_HHC","distant",2011,8,79.47,9.93375,60.34,7.5425
"H_HHC","H_HHC","distant",2012,7,23.45,3.35,18.05,2.57857142857143
"H_HHC","H_HHC","distant",2013,8,22.67,2.83375,21.35,2.66875
"H_HHC","H_HHC","distant",2014,6,7.91,1.31833333333333,7.87,1.31166666666667
"H_HHC","H_HHC","distant",2015,7,5.56,0.794285714285714,6.2,0.885714285714286
"H_HHC","H_HHC","distant",2016,7,15.88,2.26857142857143,15.87,2.26714285714286
"H_HHC","H_HHC","distant",2017,6,15.46,2.57666666666667,15.93,2.655
"H_HHC","H_HHC","distant",2018,6,17.6,2.93333333333333,17.87,2.97833333333333
"H_HHC","H_HHC","distant",2019,9,21.73,2.41444444444444,21.73,2.41444444444444
"H_HHC","H_HHC","distant",2020,8,44.45,5.55625,43.1,5.3875
"H_HHC","H_HHC","distant",2021,8,82.98,10.3725,82.98,10.3725
"H_HHC","H_LHC","adjacent",1988,1,12.56,12.56,14.18,14.18
"H_HHC","H_LHC","adjacent",1989,1,40.96,40.96,48.73,48.73
"H_HHC","H_LHC","adjacent",1990,1,50.37,50.37,61.48,61.48
"H_HHC","H_LHC","adjacent",1991,1,40.41,40.41,44.65,44.65
"H_HHC","H_LHC","adjacent",1992,1,17.62,17.62,18.05,18.05
"H_HHC","H_LHC","adjacent",1994,2,4.07,2.035,6.78,3.39
"H_HHC","H_LHC","adjacent",1995,2,64.23,32.115,48.88,24.44
"H_HHC","H_LHC","adjacent",1996,2,16.15,8.075,14.82,7.41
"H_HHC","H_LHC","adjacent",1998,1,35.4,35.4,37.45,37.45
"H_HHC","H_LHC","adjacent",2004,2,0.83,0.415,0.99,0.495
"H_HHC","H_LHC","adjacent",2011,1,0.28,0.28,0.26,0.26
"H_HHC","H_LHC","distant",1988,5,7.92,1.584,9.75,1.95
"H_HHC","H_LHC","distant",1989,8,7.48,0.935,11.08,1.385
"H_HHC","H_LHC","distant",1990,7,21.59,3.08428571428571,30.21,4.31571428571429
"H_HHC","H_LHC","distant",1991,4,10.74,2.685,13.1,3.275
"H_HHC","H_LHC","distant",1992,6,42.71,7.11833333333333,43.84,7.30666666666667
"H_HHC","H_LHC","distant",1993,5,16.58,3.316,14.97,2.994
"H_HHC","H_LHC","distant",1994,7,10.06,1.43714285714286,8.92,1.27428571428571
"H_HHC","H_LHC","distant",1995,9,11.62,1.29111111111111,9.43,1.04777777777778
"H_HHC","H_LHC","distant",1996,11,13.33,1.21181818181818,12.12,1.10181818181818
"H_HHC","H_LHC","distant",1997,9,2.26,0.251111111111111,2.65,0.294444444444444
"H_HHC","H_LHC","distant",1998,13,15.11,1.16230769230769,18.24,1.40307692307692
"H_HHC","H_LHC","distant",1999,15,18.15,1.21,19.26,1.284
"H_HHC","H_LHC","distant",2000,14,18.69,1.335,18.38,1.31285714285714
"H_HHC","H_LHC","distant",2001,16,12.46,0.77875,13.62,0.85125
"H_HHC","H_LHC","distant",2002,16,12.54,0.78375,14.64,0.915
"H_HHC","H_LHC","distant",2003,15,10.71,0.714,12.15,0.81
"H_HHC","H_LHC","distant",2004,15,4.07,0.271333333333333,4.44,0.296
"H_HHC","H_LHC","distant",2005,6,6.35,1.05833333333333,6.29,1.04833333333333
"H_HHC","H_LHC","distant",2006,5,6.24,1.248,6.53,1.306
"H_HHC","H_LHC","distant",2007,4,0.9,0.225,0.85,0.2125
"H_HHC","H_LHC","distant",2008,4,1.27,0.3175,1.13,0.2825
"H_HHC","H_LHC","distant",2009,3,1.12,0.373333333333333,1.01,0.336666666666667
"H_HHC","H_LHC","distant",2010,4,2.56,0.64,2.17,0.5425
"H_HHC","H_NHC","distant",1988,3,4.85,1.61666666666667,5.47,1.82333333333333
"H_HHC","H_NHC","distant",1989,3,4.08,1.36,4.86,1.62
"H_HHC","H_NHC","distant",1990,3,2.37,0.79,2.89,0.963333333333333
"H_HHC","H_NHC","distant",1991,5,7,1.4,8.28,1.656
"H_HHC","H_NHC","distant",1992,3,2.53,0.843333333333333,2.59,0.863333333333333
"H_HHC","H_NHC","distant",1993,3,2.33,0.776666666666667,2.08,0.693333333333333
"H_HHC","H_NHC","distant",1994,3,3.55,1.18333333333333,2.92,0.973333333333333
"H_HHC","H_NHC","distant",1995,3,3.64,1.21333333333333,2.77,0.923333333333333
"H_HHC","H_NHC","distant",1996,3,4.03,1.34333333333333,3.56,1.18666666666667
"H_HHC","H_NHC","distant",1997,3,0.08,0.0266666666666667,0.08,0.0266666666666667
"H_HHC","H_NHC","distant",1998,2,0.14,0.07,0.14,0.07
"H_HHC","H_NHC","distant",1999,3,0.27,0.09,0.25,0.0833333333333333
"H_HHC","H_NHC","distant",2000,3,0.26,0.0866666666666667,0.23,0.0766666666666667
"H_HHC","H_NHC","distant",2001,4,0.14,0.035,0.15,0.0375
"H_HHC","H_NHC","distant",2002,4,0.17,0.0425,0.18,0.045
"H_HHC","H_NHC","distant",2003,6,0.31,0.0516666666666667,0.32,0.0533333333333333
"H_HHC","H_NHC","distant",2004,6,0.69,0.115,0.73,0.121666666666667
"H_HHC","L_HHC","adjacent",1988,4,611.95,152.9875,748.44,187.11
"H_HHC","L_HHC","adjacent",1989,4,449.16,112.29,566.18,141.545
"H_HHC","L_HHC","adjacent",1990,4,751.22,187.805,948.35,237.0875
"H_HHC","L_HHC","adjacent",1991,4,948.85,237.2125,1218.8,304.7
"H_HHC","L_HHC","adjacent",1992,5,1489.38,297.876,1688.07,337.614
"H_HHC","L_HHC","adjacent",1993,5,900.46,180.092,916.39,183.278
"H_HHC","L_HHC","adjacent",1994,5,625.52,125.104,543.1,108.62
"H_HHC","L_HHC","adjacent",1995,4,442.67,110.6675,357.67,89.4175
"H_HHC","L_HHC","adjacent",1996,7,473.7,67.6714285714286,451.02,64.4314285714286
"H_HHC","L_HHC","adjacent",1997,6,390.54,65.09,421.24,70.2066666666667
"H_HHC","L_HHC","adjacent",1998,5,380.26,76.052,444.84,88.968
"H_HHC","L_HHC","adjacent",1999,5,533.51,106.702,571.56,114.312
"H_HHC","L_HHC","adjacent",2000,5,337.43,67.486,329.53,65.906
"H_HHC","L_HHC","adjacent",2001,7,376.59,53.7985714285714,445.63,63.6614285714286
"H_HHC","L_HHC","adjacent",2002,7,378.99,54.1414285714286,438.51,62.6442857142857
"H_HHC","L_HHC","adjacent",2003,7,654.76,93.5371428571429,689.35,98.4785714285714
"H_HHC","L_HHC","adjacent",2004,7,326.43,46.6328571428571,334.24,47.7485714285714
"H_HHC","L_HHC","adjacent",2005,6,343.52,57.2533333333333,343.83,57.305
"H_HHC","L_HHC","adjacent",2006,8,413.98,51.7475,438.68,54.835
"H_HHC","L_HHC","adjacent",2007,9,363.09,40.3433333333333,369.75,41.0833333333333
"H_HHC","L_HHC","adjacent",2008,6,322.65,53.775,291.03,48.505
"H_HHC","L_HHC","adjacent",2009,8,313.8,39.225,286.96,35.87
"H_HHC","L_HHC","adjacent",2010,7,212.59,30.37,202.88,28.9828571428571
"H_HHC","L_HHC","adjacent",2011,7,135.78,19.3971428571429,120.69,17.2414285714286
"H_HHC","L_HHC","adjacent",2012,6,166.1,27.6833333333333,165.81,27.635
"H_HHC","L_HHC","adjacent",2013,7,59.76,8.53714285714286,57.43,8.20428571428571
"H_HHC","L_HHC","adjacent",2014,6,52.04,8.67333333333333,49.81,8.30166666666667
"H_HHC","L_HHC","adjacent",2015,7,152.85,21.8357142857143,172.51,24.6442857142857
"H_HHC","L_HHC","adjacent",2016,6,54.69,9.115,61.6,10.2666666666667
"H_HHC","L_HHC","adjacent",2017,7,88.31,12.6157142857143,96.65,13.8071428571429
"H_HHC","L_HHC","adjacent",2018,8,132.96,16.62,136.14,17.0175
"H_HHC","L_HHC","adjacent",2019,8,588.37,73.54625,592.61,74.07625
"H_HHC","L_HHC","adjacent",2020,8,765.1,95.6375,747.07,93.38375
"H_HHC","L_HHC","adjacent",2021,9,812.15,90.2388888888889,812.15,90.2388888888889
"H_HHC","L_HHC","distant",1988,114,3148,27.6140350877193,4091.29,35.8885087719298
"H_HHC","L_HHC","distant",1989,126,3285.75,26.077380952381,4423.21,35.1048412698413
"H_HHC","L_HHC","distant",1990,126,3563.93,28.2851587301587,4601.45,36.5194444444444
"H_HHC","L_HHC","distant",1991,130,3876.8,29.8215384615385,4568.58,35.1429230769231
"H_HHC","L_HHC","distant",1992,132,3869.59,29.3150757575758,4303.9,32.605303030303
"H_HHC","L_HHC","distant",1993,140,3574.57,25.5326428571429,4019.88,28.7134285714286
"H_HHC","L_HHC","distant",1994,153,3585.24,23.4329411764706,3669.44,23.9832679738562
"H_HHC","L_HHC","distant",1995,159,4266.65,26.8342767295597,3811.32,23.9705660377358
"H_HHC","L_HHC","distant",1996,170,3649.39,21.467,3548.3,20.8723529411765
"H_HHC","L_HHC","distant",1997,175,2779.74,15.8842285714286,3053.66,17.4494857142857
"H_HHC","L_HHC","distant",1998,178,3785.35,21.2660112359551,4411.72,24.7849438202247
"H_HHC","L_HHC","distant",1999,185,5060.03,27.3515135135135,5126.57,27.7111891891892
"H_HHC","L_HHC","distant",2000,175,4633.38,26.4764571428571,4651.65,26.5808571428571
"H_HHC","L_HHC","distant",2001,186,3883.46,20.8788172043011,4763.84,25.6120430107527
"H_HHC","L_HHC","distant",2002,191,3071.13,16.0792146596859,3688.58,19.3119371727749
"H_HHC","L_HHC","distant",2003,186,3692.12,19.8501075268817,3999.44,21.5023655913979
"H_HHC","L_HHC","distant",2004,205,2719.44,13.2655609756098,2817.34,13.7431219512195
"H_HHC","L_HHC","distant",2005,217,4190.59,19.3114746543779,4315.76,19.8882949308756
"H_HHC","L_HHC","distant",2006,246,3177.74,12.9176422764228,3405.63,13.8440243902439
"H_HHC","L_HHC","distant",2007,252,3704.51,14.7004365079365,3820.19,15.1594841269841
"H_HHC","L_HHC","distant",2008,245,4058.52,16.565387755102,3787.07,15.4574285714286
"H_HHC","L_HHC","distant",2009,232,4826.77,20.8050431034483,4324.59,18.640474137931
"H_HHC","L_HHC","distant",2010,221,4869.25,22.0328054298643,4278.39,19.3592307692308
"H_HHC","L_HHC","distant",2011,225,3627.31,16.1213777777778,2965.87,13.1816444444444
"H_HHC","L_HHC","distant",2012,194,3907.12,20.139793814433,3151.56,16.2451546391753
"H_HHC","L_HHC","distant",2013,190,5694.53,29.9712105263158,5347.91,28.1468947368421
"H_HHC","L_HHC","distant",2014,211,3695.92,17.5162085308057,3666.57,17.3771090047393
"H_HHC","L_HHC","distant",2015,190,2992.78,15.7514736842105,3356.81,17.6674210526316
"H_HHC","L_HHC","distant",2016,198,5456.84,27.559797979798,5846.35,29.5270202020202
"H_HHC","L_HHC","distant",2017,196,3331.06,16.9952040816327,3479.78,17.7539795918367
"H_HHC","L_HHC","distant",2018,204,2601.57,12.7527941176471,2667.86,13.0777450980392
"H_HHC","L_HHC","distant",2019,217,2779.59,12.8091705069124,2831.3,13.047465437788
"H_HHC","L_HHC","distant",2020,197,3175.12,16.1173604060914,3133.7,15.9071065989848
"H_HHC","L_HHC","distant",2021,198,3469.18,17.5211111111111,3469.18,17.5211111111111
"H_HHC","L_LHC","adjacent",1988,4,676.57,169.1425,766.05,191.5125
"H_HHC","L_LHC","adjacent",1989,4,847,211.75,1018.21,254.5525
"H_HHC","L_LHC","adjacent",1990,4,785.12,196.28,979.48,244.87
"H_HHC","L_LHC","adjacent",1991,4,639.57,159.8925,727.15,181.7875
"H_HHC","L_LHC","adjacent",1992,4,1133.92,283.48,1192.17,298.0425
"H_HHC","L_LHC","adjacent",1993,4,1406.86,351.715,1303.1,325.775
"H_HHC","L_LHC","adjacent",1994,4,1557.4,389.35,1346.66,336.665
"H_HHC","L_LHC","adjacent",1995,4,1426.81,356.7025,1121.56,280.39
"H_HHC","L_LHC","adjacent",1996,6,891.39,148.565,804.52,134.086666666667
"H_HHC","L_LHC","adjacent",1997,7,608.29,86.8985714285714,614.34,87.7628571428571
"H_HHC","L_LHC","adjacent",1998,7,1178.74,168.391428571429,1258.3,179.757142857143
"H_HHC","L_LHC","adjacent",1999,6,1233.47,205.578333333333,1154.46,192.41
"H_HHC","L_LHC","adjacent",2000,6,783.68,130.613333333333,713.96,118.993333333333
"H_HHC","L_LHC","adjacent",2001,4,690.54,172.635,706.61,176.6525
"H_HHC","L_LHC","adjacent",2002,7,903.27,129.038571428571,1000.41,142.915714285714
"H_HHC","L_LHC","adjacent",2003,7,788.51,112.644285714286,799.35,114.192857142857
"H_HHC","L_LHC","adjacent",2004,7,1013.16,144.737142857143,969.25,138.464285714286
"H_HHC","L_LHC","adjacent",2005,8,1090.8,136.35,1066.96,133.37
"H_HHC","L_LHC","adjacent",2006,8,645.41,80.67625,675.95,84.49375
"H_HHC","L_LHC","adjacent",2007,10,517.34,51.734,540.02,54.002
"H_HHC","L_LHC","adjacent",2008,9,376.19,41.7988888888889,348.56,38.7288888888889
"H_HHC","L_LHC","adjacent",2009,10,222.4,22.24,194.05,19.405
"H_HHC","L_LHC","adjacent",2010,8,26,3.25,24.41,3.05125
"H_HHC","L_LHC","adjacent",2011,7,24.04,3.43428571428571,21.41,3.05857142857143
"H_HHC","L_LHC","adjacent",2012,8,14.66,1.8325,14.44,1.805
"H_HHC","L_LHC","adjacent",2013,6,7.59,1.265,7.22,1.20333333333333
"H_HHC","L_LHC","adjacent",2014,8,4.07,0.50875,3.85,0.48125
"H_HHC","L_LHC","adjacent",2015,7,4.32,0.617142857142857,4.83,0.69
"H_HHC","L_LHC","adjacent",2016,6,7.57,1.26166666666667,8.49,1.415
"H_HHC","L_LHC","adjacent",2017,5,61.14,12.228,66.83,13.366
"H_HHC","L_LHC","adjacent",2018,4,26.14,6.535,26.99,6.7475
"H_HHC","L_LHC","adjacent",2019,4,18.06,4.515,19.48,4.87
"H_HHC","L_LHC","adjacent",2020,4,40.95,10.2375,42.75,10.6875
"H_HHC","L_LHC","adjacent",2021,7,31.74,4.53428571428571,31.74,4.53428571428571
"H_HHC","L_LHC","distant",1988,99,3287.23,33.2043434343434,4619.07,46.6572727272727
"H_HHC","L_LHC","distant",1989,120,3308.07,27.56725,4719.12,39.326
"H_HHC","L_LHC","distant",1990,121,3047.42,25.1852892561983,4115.73,34.0142975206612
"H_HHC","L_LHC","distant",1991,124,4746.71,38.2799193548387,5690.59,45.8918548387097
"H_HHC","L_LHC","distant",1992,130,3791.06,29.162,4502.46,34.6343076923077
"H_HHC","L_LHC","distant",1993,144,3367.61,23.3861805555556,3975.06,27.6045833333333
"H_HHC","L_LHC","distant",1994,150,4602.83,30.6855333333333,4970.25,33.135
"H_HHC","L_LHC","distant",1995,158,3644.52,23.066582278481,3268.47,20.6865189873418
"H_HHC","L_LHC","distant",1996,177,3315.17,18.7297740112994,3308.02,18.6893785310734
"H_HHC","L_LHC","distant",1997,179,2717.73,15.1828491620112,3037.66,16.9701675977654
"H_HHC","L_LHC","distant",1998,186,3308.41,17.7871505376344,3854.58,20.7235483870968
"H_HHC","L_LHC","distant",1999,187,3125.13,16.7119251336898,3237.78,17.3143315508021
"H_HHC","L_LHC","distant",2000,185,3107.11,16.7951891891892,3289.56,17.7814054054054
"H_HHC","L_LHC","distant",2001,190,2557.3,13.4594736842105,2971.69,15.6404736842105
"H_HHC","L_LHC","distant",2002,213,2968.83,13.9381690140845,3898.65,18.3035211267606
"H_HHC","L_LHC","distant",2003,200,2836.79,14.18395,3241.95,16.20975
"H_HHC","L_LHC","distant",2004,212,2881.19,13.5905188679245,2957.66,13.9512264150943
"H_HHC","L_LHC","distant",2005,218,7270.66,33.3516513761468,7545.07,34.6104128440367
"H_HHC","L_LHC","distant",2006,219,6032.75,27.546803652968,6483.07,29.6030593607306
"H_HHC","L_LHC","distant",2007,231,4310.22,18.658961038961,4453.85,19.2807359307359
"H_HHC","L_LHC","distant",2008,224,6112.9,27.2897321428571,5710.77,25.4945089285714
"H_HHC","L_LHC","distant",2009,223,3727.43,16.714932735426,3331.49,14.9394170403587
"H_HHC","L_LHC","distant",2010,209,4704.31,22.5086602870813,4088.75,19.5633971291866
"H_HHC","L_LHC","distant",2011,226,5537.75,24.5033185840708,4503.66,19.9276991150442
"H_HHC","L_LHC","distant",2012,208,4428.16,21.2892307692308,3533.74,16.9891346153846
"H_HHC","L_LHC","distant",2013,197,4857.98,24.6597969543147,4561.82,23.1564467005076
"H_HHC","L_LHC","distant",2014,210,3422.21,16.2962380952381,3393.35,16.1588095238095
"H_HHC","L_LHC","distant",2015,201,3695.1,18.3835820895522,4127.28,20.5337313432836
"H_HHC","L_LHC","distant",2016,197,4216.72,21.4046700507614,4266.08,21.6552284263959
"H_HHC","L_LHC","distant",2017,203,5591.98,27.5466995073892,5808.83,28.6149261083744
"H_HHC","L_LHC","distant",2018,205,5250.13,25.6103902439024,5341.52,26.0561951219512
"H_HHC","L_LHC","distant",2019,202,5733.17,28.3820297029703,5760.62,28.5179207920792
"H_HHC","L_LHC","distant",2020,189,5806.57,30.7225925925926,5658.15,29.9373015873016
"H_HHC","L_LHC","distant",2021,213,8033.71,37.7169483568075,8033.71,37.7169483568075
"H_HHC","L_NHC","distant",1988,36,399.41,11.0947222222222,629.62,17.4894444444444
"H_HHC","L_NHC","distant",1989,47,419.43,8.92404255319149,689.69,14.6742553191489
"H_HHC","L_NHC","distant",1990,46,423.76,9.21217391304348,606.83,13.1919565217391
"H_HHC","L_NHC","distant",1991,46,355.83,7.73543478260869,470.64,10.2313043478261
"H_HHC","L_NHC","distant",1992,46,429.62,9.33956521739131,527.86,11.4752173913043
"H_HHC","L_NHC","distant",1993,50,394.2,7.884,476.7,9.534
"H_HHC","L_NHC","distant",1994,55,521.45,9.48090909090909,625.21,11.3674545454545
"H_HHC","L_NHC","distant",1995,61,499.41,8.18704918032787,472.68,7.74885245901639
"H_HHC","L_NHC","distant",1996,69,717.98,10.4055072463768,856.39,12.4114492753623
"H_HHC","L_NHC","distant",1997,70,398.62,5.69457142857143,476.12,6.80171428571429
"H_HHC","L_NHC","distant",1998,68,415.5,6.11029411764706,503.34,7.40205882352941
"H_HHC","L_NHC","distant",1999,77,691.43,8.97961038961039,884.46,11.4864935064935
"H_HHC","L_NHC","distant",2000,74,511.44,6.91135135135135,615.8,8.32162162162162
"H_HHC","L_NHC","distant",2001,76,459.69,6.04855263157895,614.89,8.09065789473684
"H_HHC","L_NHC","distant",2002,72,375.83,5.21986111111111,482.29,6.69847222222222
"H_HHC","L_NHC","distant",2003,78,557.23,7.14397435897436,665.08,8.52666666666667
"H_HHC","L_NHC","distant",2004,79,1087.49,13.7656962025316,1279.07,16.1907594936709
"H_HHC","L_NHC","distant",2005,93,867.98,9.33311827956989,932.64,10.0283870967742
"H_HHC","L_NHC","distant",2006,92,573.61,6.23489130434783,624.16,6.78434782608696
"H_HHC","L_NHC","distant",2007,98,565.9,5.77448979591837,573.17,5.84867346938776
"H_HHC","L_NHC","distant",2008,99,705.13,7.12252525252525,648.93,6.55484848484848
"H_HHC","L_NHC","distant",2009,97,792.96,8.17484536082474,707.44,7.29319587628866
"H_HHC","L_NHC","distant",2010,90,827.62,9.19577777777778,734.52,8.16133333333333
"H_HHC","L_NHC","distant",2011,85,769.57,9.05376470588235,618.34,7.27458823529412
"H_HHC","L_NHC","distant",2012,81,489.85,6.04753086419753,396.34,4.89308641975309
"H_HHC","L_NHC","distant",2013,77,535.64,6.95636363636364,503.64,6.54077922077922
"H_HHC","L_NHC","distant",2014,92,559.91,6.08597826086956,554.04,6.02217391304348
"H_HHC","L_NHC","distant",2015,73,641.95,8.79383561643836,718.8,9.84657534246575
"H_HHC","L_NHC","distant",2016,80,886.93,11.086625,913.14,11.41425
"H_HHC","L_NHC","distant",2017,79,999.99,12.6581012658228,1046.04,13.2410126582278
"H_HHC","L_NHC","distant",2018,80,408.02,5.10025,419.39,5.242375
"H_HHC","L_NHC","distant",2019,81,434.37,5.36259259259259,447.56,5.52543209876543
"H_HHC","L_NHC","distant",2020,73,740.96,10.1501369863014,730.63,10.0086301369863
"H_HHC","L_NHC","distant",2021,79,575.47,7.28443037974684,575.47,7.28443037974684
"H_LHC","H_HHC","adjacent",1997,1,0.19,0.19,0.3,0.3
"H_LHC","H_HHC","adjacent",1998,1,0.22,0.22,0.36,0.36
"H_LHC","H_HHC","adjacent",1999,1,0.13,0.13,0.22,0.22
"H_LHC","H_HHC","adjacent",2000,1,0.73,0.73,1.19,1.19
"H_LHC","H_HHC","adjacent",2001,1,0.04,0.04,0.07,0.07
"H_LHC","H_HHC","adjacent",2002,1,0.03,0.03,0.05,0.05
"H_LHC","H_HHC","adjacent",2003,1,0.03,0.03,0.05,0.05
"H_LHC","H_HHC","adjacent",2004,1,0.03,0.03,0.05,0.05
"H_LHC","H_HHC","distant",1988,9,30.67,3.40777777777778,60.8,6.75555555555556
"H_LHC","H_HHC","distant",1989,10,29.19,2.919,56.1,5.61
"H_LHC","H_HHC","distant",1990,9,115.62,12.8466666666667,215.21,23.9122222222222
"H_LHC","H_HHC","distant",1991,11,117.14,10.6490909090909,210.87,19.17
"H_LHC","H_HHC","distant",1992,9,136.35,15.15,240.14,26.6822222222222
"H_LHC","H_HHC","distant",1993,12,67.1,5.59166666666667,114.59,9.54916666666667
"H_LHC","H_HHC","distant",1994,12,223.04,18.5866666666667,376.08,31.34
"H_LHC","H_HHC","distant",1995,11,147.86,13.4418181818182,243.39,22.1263636363636
"H_LHC","H_HHC","distant",1996,12,73.24,6.10333333333333,117.49,9.79083333333333
"H_LHC","H_HHC","distant",1997,11,29.83,2.71181818181818,46.93,4.26636363636364
"H_LHC","H_HHC","distant",1998,11,93.47,8.49727272727273,147.79,13.4354545454545
"H_LHC","H_HHC","distant",1999,13,20.62,1.58615384615385,33.55,2.58076923076923
"H_LHC","H_HHC","distant",2000,14,33.69,2.40642857142857,52.24,3.73142857142857
"H_LHC","H_HHC","distant",2001,17,52.41,3.08294117647059,81.4,4.78823529411765
"H_LHC","H_HHC","distant",2002,14,37.17,2.655,56.36,4.02571428571429
"H_LHC","H_HHC","distant",2003,16,32.75,2.046875,47.57,2.973125
"H_LHC","H_HHC","distant",2004,16,44.05,2.753125,61.92,3.87
"H_LHC","H_HHC","distant",2005,11,22.62,2.05636363636364,30.69,2.79
"H_LHC","H_HHC","distant",2006,9,47.36,5.26222222222222,62.32,6.92444444444445
"H_LHC","H_HHC","distant",2007,10,24.38,2.438,30.71,3.071
"H_LHC","H_HHC","distant",2008,8,41.69,5.21125,52.38,6.5475
"H_LHC","H_HHC","distant",2009,6,44.71,7.45166666666667,55.93,9.32166666666667
"H_LHC","H_HHC","distant",2010,8,27.33,3.41625,33.6,4.2
"H_LHC","H_HHC","distant",2011,13,35.74,2.74923076923077,42.23,3.24846153846154
"H_LHC","H_HHC","distant",2012,13,24.44,1.88,26.76,2.05846153846154
"H_LHC","H_HHC","distant",2013,12,31.55,2.62916666666667,35.61,2.9675
"H_LHC","H_HHC","distant",2014,10,20.57,2.057,22.92,2.292
"H_LHC","H_HHC","distant",2015,10,12.5,1.25,14.29,1.429
"H_LHC","H_HHC","distant",2016,10,10.93,1.093,12.33,1.233
"H_LHC","H_HHC","distant",2017,13,23.11,1.77769230769231,25.49,1.96076923076923
"H_LHC","H_HHC","distant",2018,11,79.44,7.22181818181818,85.57,7.77909090909091
"H_LHC","H_HHC","distant",2019,10,55.19,5.519,60.33,6.033
"H_LHC","H_HHC","distant",2020,12,18.47,1.53916666666667,19.78,1.64833333333333
"H_LHC","H_HHC","distant",2021,7,45.62,6.51714285714286,45.62,6.51714285714286
"H_LHC","H_LHC","adjacent",2008,1,4.28,4.28,4.17,4.17
"H_LHC","H_LHC","adjacent",2009,1,3.73,3.73,3.64,3.64
"H_LHC","H_LHC","adjacent",2010,1,3.43,3.43,3.56,3.56
"H_LHC","H_LHC","distant",1988,11,1202.86,109.350909090909,2420.43,220.039090909091
"H_LHC","H_LHC","distant",1989,12,1162.61,96.8841666666667,2252.54,187.711666666667
"H_LHC","H_LHC","distant",1990,13,1314.86,101.143076923077,2450.45,188.496153846154
"H_LHC","H_LHC","distant",1991,13,1278.09,98.3146153846154,2305.61,177.354615384615
"H_LHC","H_LHC","distant",1992,13,1916.65,147.434615384615,3381.22,260.093846153846
"H_LHC","H_LHC","distant",1993,10,1260.32,126.032,2171.25,217.125
"H_LHC","H_LHC","distant",1994,15,1281.37,85.4246666666667,2159.31,143.954
"H_LHC","H_LHC","distant",1995,14,363.38,25.9557142857143,590.77,42.1978571428571
"H_LHC","H_LHC","distant",1996,15,2296.13,153.075333333333,3722.06,248.137333333333
"H_LHC","H_LHC","distant",1997,12,1273.43,106.119166666667,2031.76,169.313333333333
"H_LHC","H_LHC","distant",1998,16,1200.66,75.04125,1889.34,118.08375
"H_LHC","H_LHC","distant",1999,12,1018.25,84.8541666666667,1585.98,132.165
"H_LHC","H_LHC","distant",2000,13,906.48,69.7292307692308,1386.75,106.673076923077
"H_LHC","H_LHC","distant",2001,20,256.24,12.812,389.59,19.4795
"H_LHC","H_LHC","distant",2002,21,883.89,42.09,1302.92,62.0438095238095
"H_LHC","H_LHC","distant",2003,21,546.63,26.03,782.93,37.282380952381
"H_LHC","H_LHC","distant",2004,21,594.73,28.3204761904762,823.73,39.2252380952381
"H_LHC","H_LHC","distant",2005,6,32.65,5.44166666666667,42.55,7.09166666666667
"H_LHC","H_LHC","distant",2006,7,39.57,5.65285714285714,50.64,7.23428571428571
"H_LHC","H_LHC","distant",2007,7,32.53,4.64714285714286,38.87,5.55285714285714
"H_LHC","H_LHC","distant",2008,4,11.73,2.9325,13.37,3.3425
"H_LHC","H_LHC","distant",2009,4,7.77,1.9425,8.58,2.145
"H_LHC","H_LHC","distant",2010,3,3.79,1.26333333333333,3.81,1.27
"H_LHC","H_NHC","distant",1988,4,3.01,0.7525,5.25,1.3125
"H_LHC","H_NHC","distant",1989,3,2.76,0.92,4.99,1.66333333333333
"H_LHC","H_NHC","distant",1990,3,3.23,1.07666666666667,4.85,1.61666666666667
"H_LHC","H_NHC","distant",1991,5,3.17,0.634,4.81,0.962
"H_LHC","H_NHC","distant",1992,3,3.39,1.13,4.74,1.58
"H_LHC","H_NHC","distant",1993,4,2.51,0.6275,3.68,0.92
"H_LHC","H_NHC","distant",1994,4,3.72,0.93,5.31,1.3275
"H_LHC","H_NHC","distant",1995,4,4.67,1.1675,5.93,1.4825
"H_LHC","H_NHC","distant",1996,4,3.01,0.7525,3.86,0.965
"H_LHC","H_NHC","distant",1997,5,1.53,0.306,2.21,0.442
"H_LHC","H_NHC","distant",1998,5,6.95,1.39,10.12,2.024
"H_LHC","H_NHC","distant",1999,3,10.79,3.59666666666667,16.33,5.44333333333333
"H_LHC","H_NHC","distant",2000,5,3.84,0.768,6.6,1.32
"H_LHC","H_NHC","distant",2001,3,3.58,1.19333333333333,6.22,2.07333333333333
"H_LHC","H_NHC","distant",2002,5,6.26,1.252,10.08,2.016
"H_LHC","H_NHC","distant",2003,5,6.13,1.226,8.15,1.63
"H_LHC","H_NHC","distant",2004,7,7.72,1.10285714285714,9.25,1.32142857142857
"H_LHC","L_HHC","adjacent",1988,3,127.16,42.3866666666667,282.29,94.0966666666667
"H_LHC","L_HHC","adjacent",1989,3,112.83,37.61,238.15,79.3833333333333
"H_LHC","L_HHC","adjacent",1990,4,112.54,28.135,228.07,57.0175
"H_LHC","L_HHC","adjacent",1991,4,108.22,27.055,213.76,53.44
"H_LHC","L_HHC","adjacent",1992,4,99.02,24.755,207.48,51.87
"H_LHC","L_HHC","adjacent",1993,4,115.3,28.825,252.31,63.0775
"H_LHC","L_HHC","adjacent",1994,4,106.76,26.69,222.36,55.59
"H_LHC","L_HHC","adjacent",1995,4,125.71,31.4275,247.23,61.8075
"H_LHC","L_HHC","adjacent",1996,4,132.95,33.2375,234.69,58.6725
"H_LHC","L_HHC","adjacent",1997,5,101.55,20.31,191.44,38.288
"H_LHC","L_HHC","adjacent",1998,4,102.06,25.515,217.72,54.43
"H_LHC","L_HHC","adjacent",1999,5,166.08,33.216,355.4,71.08
"H_LHC","L_HHC","adjacent",2000,6,193.22,32.2033333333333,432.34,72.0566666666667
"H_LHC","L_HHC","adjacent",2001,5,161.74,32.348,363.46,72.692
"H_LHC","L_HHC","adjacent",2002,5,217.02,43.404,431.65,86.33
"H_LHC","L_HHC","adjacent",2003,5,252.04,50.408,449.65,89.93
"H_LHC","L_HHC","adjacent",2004,6,296.89,49.4816666666667,470.61,78.435
"H_LHC","L_HHC","adjacent",2005,6,503.98,83.9966666666667,736.67,122.778333333333
"H_LHC","L_HHC","adjacent",2006,6,600.35,100.058333333333,846.59,141.098333333333
"H_LHC","L_HHC","adjacent",2007,7,719.92,102.845714285714,901.4,128.771428571429
"H_LHC","L_HHC","adjacent",2008,7,704.29,100.612857142857,844.7,120.671428571429
"H_LHC","L_HHC","adjacent",2009,7,725.05,103.578571428571,906.8,129.542857142857
"H_LHC","L_HHC","adjacent",2010,7,959.9,137.128571428571,1020.27,145.752857142857
"H_LHC","L_HHC","adjacent",2011,6,1213.55,202.258333333333,1184.79,197.465
"H_LHC","L_HHC","adjacent",2012,6,1188.62,198.103333333333,1105.6,184.266666666667
"H_LHC","L_HHC","adjacent",2013,6,1116.14,186.023333333333,1082.82,180.47
"H_LHC","L_HHC","adjacent",2014,6,935.94,155.99,954.76,159.126666666667
"H_LHC","L_HHC","adjacent",2015,6,836.81,139.468333333333,972.87,162.145
"H_LHC","L_HHC","adjacent",2016,6,582.27,97.045,676.83,112.805
"H_LHC","L_HHC","adjacent",2017,7,626.92,89.56,690.7,98.6714285714286
"H_LHC","L_HHC","adjacent",2018,7,711.82,101.688571428571,779.24,111.32
"H_LHC","L_HHC","adjacent",2019,6,559.3,93.2166666666667,624.97,104.161666666667
"H_LHC","L_HHC","adjacent",2020,7,571.62,81.66,633.95,90.5642857142857
"H_LHC","L_HHC","adjacent",2021,7,787.02,112.431428571429,787.02,112.431428571429
"H_LHC","L_HHC","distant",1988,136,2327.99,17.1175735294118,4550.18,33.4572058823529
"H_LHC","L_HHC","distant",1989,151,2448.33,16.2141059602649,4681.31,31.0020529801325
"H_LHC","L_HHC","distant",1990,140,3064.47,21.8890714285714,5328.24,38.0588571428571
"H_LHC","L_HHC","distant",1991,184,3244.71,17.6342934782609,5547.32,30.1484782608696
"H_LHC","L_HHC","distant",1992,194,3075.3,15.8520618556701,5038.35,25.9708762886598
"H_LHC","L_HHC","distant",1993,202,3386.05,16.7626237623762,5677.3,28.1054455445545
"H_LHC","L_HHC","distant",1994,215,3369.15,15.6704651162791,5492.51,25.5465581395349
"H_LHC","L_HHC","distant",1995,199,2727.22,13.7046231155779,4191.13,21.0609547738693
"H_LHC","L_HHC","distant",1996,193,2146.95,11.1240932642487,3183.56,16.4951295336788
"H_LHC","L_HHC","distant",1997,222,2063.02,9.29288288288288,3210.01,14.4595045045045
"H_LHC","L_HHC","distant",1998,216,1943.93,8.99967592592593,3125.54,14.4700925925926
"H_LHC","L_HHC","distant",1999,206,2404.21,11.6709223300971,3822.79,18.5572330097087
"H_LHC","L_HHC","distant",2000,213,2366.82,11.1118309859155,3876.23,18.1982629107981
"H_LHC","L_HHC","distant",2001,212,2599.23,12.2605188679245,4217.23,19.8925943396226
"H_LHC","L_HHC","distant",2002,216,3199.57,14.8128240740741,4968.56,23.0025925925926
"H_LHC","L_HHC","distant",2003,205,3649.67,17.8032682926829,5257.12,25.644487804878
"H_LHC","L_HHC","distant",2004,206,4115.07,19.976067961165,5525.4,26.8223300970874
"H_LHC","L_HHC","distant",2005,213,4135.02,19.4132394366197,5446.44,25.5701408450704
"H_LHC","L_HHC","distant",2006,222,4252.39,19.1549099099099,5370,24.1891891891892
"H_LHC","L_HHC","distant",2007,221,4420.63,20.002850678733,5226.56,23.649592760181
"H_LHC","L_HHC","distant",2008,222,6751.45,30.4119369369369,7889.3,35.5373873873874
"H_LHC","L_HHC","distant",2009,217,6553.18,30.1989861751152,7785.89,35.8796774193548
"H_LHC","L_HHC","distant",2010,249,8215.33,32.9932931726908,9453.71,37.9667068273092
"H_LHC","L_HHC","distant",2011,266,7987.24,30.0272180451128,8678.28,32.6251127819549
"H_LHC","L_HHC","distant",2012,260,7443.62,28.6293076923077,8176.39,31.4476538461538
"H_LHC","L_HHC","distant",2013,250,8663.57,34.65428,9382.55,37.5302
"H_LHC","L_HHC","distant",2014,244,7542.47,30.911762295082,8075.97,33.098237704918
"H_LHC","L_HHC","distant",2015,244,7140.27,29.2634016393443,8105.08,33.2175409836066
"H_LHC","L_HHC","distant",2016,250,7741.54,30.96616,8724.54,34.89816
"H_LHC","L_HHC","distant",2017,266,8746.25,32.8806390977444,9615.81,36.1496616541353
"H_LHC","L_HHC","distant",2018,263,8095.54,30.7815209125475,8641,32.8555133079848
"H_LHC","L_HHC","distant",2019,261,7966.37,30.5224904214559,8549.94,32.7583908045977
"H_LHC","L_HHC","distant",2020,259,10162.32,39.2367567567568,10700.58,41.3149806949807
"H_LHC","L_HHC","distant",2021,276,10556.8,38.2492753623188,10556.8,38.2492753623188
"H_LHC","L_LHC","adjacent",1988,2,240.88,120.44,563.78,281.89
"H_LHC","L_LHC","adjacent",1989,2,254.02,127.01,544.48,272.24
"H_LHC","L_LHC","adjacent",1990,2,262.27,131.135,543.1,271.55
"H_LHC","L_LHC","adjacent",1991,2,262.64,131.32,533.42,266.71
"H_LHC","L_LHC","adjacent",1992,2,243.02,121.51,519.82,259.91
"H_LHC","L_LHC","adjacent",1993,2,222.51,111.255,508.23,254.115
"H_LHC","L_LHC","adjacent",1994,2,237.48,118.74,496.3,248.15
"H_LHC","L_LHC","adjacent",1995,2,244.51,122.255,486.89,243.445
"H_LHC","L_LHC","adjacent",1996,2,284.31,142.155,501.18,250.59
"H_LHC","L_LHC","adjacent",1997,4,244.38,61.095,465.07,116.2675
"H_LHC","L_LHC","adjacent",1998,4,271.62,67.905,610.48,152.62
"H_LHC","L_LHC","adjacent",1999,4,181.94,45.485,383.21,95.8025
"H_LHC","L_LHC","adjacent",2000,2,212.83,106.415,486.85,243.425
"H_LHC","L_LHC","adjacent",2001,3,190.91,63.6366666666667,455.97,151.99
"H_LHC","L_LHC","adjacent",2002,3,224.31,74.77,495.2,165.066666666667
"H_LHC","L_LHC","adjacent",2003,3,245.44,81.8133333333333,456.69,152.23
"H_LHC","L_LHC","adjacent",2004,3,285.64,95.2133333333333,457.47,152.49
"H_LHC","L_LHC","adjacent",2005,4,273.44,68.36,407.1,101.775
"H_LHC","L_LHC","adjacent",2006,4,274.61,68.6525,397.48,99.37
"H_LHC","L_LHC","adjacent",2007,4,322.38,80.595,408.79,102.1975
"H_LHC","L_LHC","adjacent",2008,4,372.54,93.135,445.84,111.46
"H_LHC","L_LHC","adjacent",2009,4,332.3,83.075,418.17,104.5425
"H_LHC","L_LHC","adjacent",2010,4,425.57,106.3925,439.06,109.765
"H_LHC","L_LHC","adjacent",2011,2,543.64,271.82,476.85,238.425
"H_LHC","L_LHC","adjacent",2012,2,536.49,268.245,475.97,237.985
"H_LHC","L_LHC","adjacent",2013,3,526.62,175.54,491.97,163.99
"H_LHC","L_LHC","adjacent",2014,3,483.06,161.02,479.75,159.916666666667
"H_LHC","L_LHC","adjacent",2015,3,492.48,164.16,580.05,193.35
"H_LHC","L_LHC","adjacent",2016,3,431.61,143.87,507.48,169.16
"H_LHC","L_LHC","adjacent",2017,6,505.5,84.25,557.17,92.8616666666667
"H_LHC","L_LHC","adjacent",2018,6,514.41,85.735,567.07,94.5116666666667
"H_LHC","L_LHC","adjacent",2019,5,469.07,93.814,535.11,107.022
"H_LHC","L_LHC","adjacent",2020,5,422.38,84.476,478.92,95.784
"H_LHC","L_LHC","adjacent",2021,6,663.15,110.525,663.15,110.525
"H_LHC","L_LHC","distant",1988,109,3271.68,30.0154128440367,6284.49,57.655871559633
"H_LHC","L_LHC","distant",1989,118,3476.66,29.463220338983,6587.9,55.8296610169492
"H_LHC","L_LHC","distant",1990,115,5556.83,48.3202608695652,9723.82,84.5549565217391
"H_LHC","L_LHC","distant",1991,133,6411.9,48.2097744360902,11071.63,83.2453383458647
"H_LHC","L_LHC","distant",1992,153,5212.13,34.0662091503268,8374.89,54.7378431372549
"H_LHC","L_LHC","distant",1993,159,4445.02,27.9561006289308,7139.51,44.9025786163522
"H_LHC","L_LHC","distant",1994,175,4497.62,25.7006857142857,7056.55,40.3231428571429
"H_LHC","L_LHC","distant",1995,150,4250.27,28.3351333333333,6233.74,41.5582666666667
"H_LHC","L_LHC","distant",1996,154,3476.86,22.577012987013,5113.13,33.2021428571429
"H_LHC","L_LHC","distant",1997,181,3229.21,17.8409392265193,4997.22,27.6089502762431
"H_LHC","L_LHC","distant",1998,182,3355.43,18.4364285714286,5223.61,28.7011538461538
"H_LHC","L_LHC","distant",1999,175,3834.13,21.9093142857143,5977.69,34.1582285714286
"H_LHC","L_LHC","distant",2000,190,3443.35,18.1228947368421,5534.83,29.1306842105263
"H_LHC","L_LHC","distant",2001,193,4141.93,21.4607772020725,6469.3,33.519689119171
"H_LHC","L_LHC","distant",2002,188,5914.79,31.4616489361702,9044.38,48.1084042553191
"H_LHC","L_LHC","distant",2003,181,10571.34,58.4051933701657,15013.13,82.9454696132597
"H_LHC","L_LHC","distant",2004,185,9753.92,52.7238918918919,13381.16,72.3305945945946
"H_LHC","L_LHC","distant",2005,191,20421.56,106.919162303665,27131.62,142.050366492147
"H_LHC","L_LHC","distant",2006,195,17674.72,90.6395897435898,22499.61,115.382615384615
"H_LHC","L_LHC","distant",2007,197,13792.86,70.0145177664975,16927.62,85.9270050761421
"H_LHC","L_LHC","distant",2008,222,14009.29,63.1049099099099,17039.22,76.7532432432432
"H_LHC","L_LHC","distant",2009,229,15935.43,69.5870305676856,19208.49,83.8798689956332
"H_LHC","L_LHC","distant",2010,231,14393.26,62.3084848484849,17266.18,74.745367965368
"H_LHC","L_LHC","distant",2011,238,18306.15,76.9165966386555,21044.43,88.421974789916
"H_LHC","L_LHC","distant",2012,231,16147.13,69.9009956709957,18283.36,79.1487445887446
"H_LHC","L_LHC","distant",2013,231,14862.38,64.3393073593074,16769.67,72.595974025974
"H_LHC","L_LHC","distant",2014,224,14991.13,66.9246875,16682.69,74.4762946428571
"H_LHC","L_LHC","distant",2015,222,13746.66,61.9218918918919,15612.57,70.3268918918919
"H_LHC","L_LHC","distant",2016,221,14132.33,63.9471945701357,15920.92,72.0403619909502
"H_LHC","L_LHC","distant",2017,236,15514.08,65.7376271186441,17113.34,72.5141525423729
"H_LHC","L_LHC","distant",2018,237,15950.4,67.3012658227848,17090.55,72.1120253164557
"H_LHC","L_LHC","distant",2019,233,14956.77,64.1921459227468,15953.46,68.4697854077253
"H_LHC","L_LHC","distant",2020,233,16635.04,71.3950214592275,17430.19,74.8076824034335
"H_LHC","L_LHC","distant",2021,243,19317.03,79.4939506172839,19317.03,79.4939506172839
"H_LHC","L_NHC","adjacent",2005,1,0.08,0.08,0.09,0.09
"H_LHC","L_NHC","adjacent",2017,1,0.05,0.05,0.06,0.06
"H_LHC","L_NHC","adjacent",2018,1,0.05,0.05,0.06,0.06
"H_LHC","L_NHC","adjacent",2019,1,0.02,0.02,0.02,0.02
"H_LHC","L_NHC","adjacent",2020,1,0.08,0.08,0.09,0.09
"H_LHC","L_NHC","adjacent",2021,1,0.95,0.95,0.95,0.95
"H_LHC","L_NHC","distant",1988,43,939.96,21.8595348837209,1694.47,39.4062790697674
"H_LHC","L_NHC","distant",1989,43,1092.57,25.4086046511628,2002.03,46.5588372093023
"H_LHC","L_NHC","distant",1990,41,1323.26,32.2746341463415,2068.86,50.46
"H_LHC","L_NHC","distant",1991,59,1260.82,21.3698305084746,1971.3,33.4118644067797
"H_LHC","L_NHC","distant",1992,73,1193.64,16.3512328767123,1754.94,24.0402739726027
"H_LHC","L_NHC","distant",1993,77,1379.14,17.9109090909091,2126.03,27.6107792207792
"H_LHC","L_NHC","distant",1994,83,1600.88,19.2877108433735,2384.75,28.7319277108434
"H_LHC","L_NHC","distant",1995,79,1231.72,15.5913924050633,1678.34,21.2448101265823
"H_LHC","L_NHC","distant",1996,77,1461.31,18.9780519480519,2034.25,26.4188311688312
"H_LHC","L_NHC","distant",1997,85,1163.52,13.6884705882353,1750.44,20.5934117647059
"H_LHC","L_NHC","distant",1998,83,941.02,11.3375903614458,1429.73,17.2256626506024
"H_LHC","L_NHC","distant",1999,85,1421.46,16.7230588235294,2236.28,26.3091764705882
"H_LHC","L_NHC","distant",2000,89,1204.63,13.5351685393258,1958.89,22.01
"H_LHC","L_NHC","distant",2001,84,1133.54,13.4945238095238,1802.09,21.4534523809524
"H_LHC","L_NHC","distant",2002,82,1854.93,22.6210975609756,2821.45,34.4079268292683
"H_LHC","L_NHC","distant",2003,79,1627.54,20.6017721518987,2262.76,28.6425316455696
"H_LHC","L_NHC","distant",2004,80,1910.51,23.881375,2447.88,30.5985
"H_LHC","L_NHC","distant",2005,86,2315.2,26.9209302325581,2844.73,33.0782558139535
"H_LHC","L_NHC","distant",2006,82,1685.33,20.5528048780488,2031.39,24.7730487804878
"H_LHC","L_NHC","distant",2007,87,1516.43,17.4302298850575,1718.39,19.7516091954023
"H_LHC","L_NHC","distant",2008,88,2208.77,25.0996590909091,2436.77,27.6905681818182
"H_LHC","L_NHC","distant",2009,85,1814.36,21.3454117647059,2089.74,24.5851764705882
"H_LHC","L_NHC","distant",2010,101,2770.28,27.4285148514851,3076.7,30.4623762376238
"H_LHC","L_NHC","distant",2011,106,1981.87,18.6968867924528,2196.42,20.7209433962264
"H_LHC","L_NHC","distant",2012,103,2432.09,23.6125242718447,2728.11,26.4865048543689
"H_LHC","L_NHC","distant",2013,106,2242.42,21.1549056603774,2472.23,23.3229245283019
"H_LHC","L_NHC","distant",2014,102,2258.47,22.141862745098,2438.43,23.9061764705882
"H_LHC","L_NHC","distant",2015,100,2068.04,20.6804,2354.15,23.5415
"H_LHC","L_NHC","distant",2016,97,1682.6,17.3463917525773,1897.46,19.5614432989691
"H_LHC","L_NHC","distant",2017,101,1939.43,19.2022772277228,2143.22,21.22
"H_LHC","L_NHC","distant",2018,98,2257.04,23.0310204081633,2404.76,24.5383673469388
"H_LHC","L_NHC","distant",2019,94,2387.39,25.3977659574468,2569.01,27.3298936170213
"H_LHC","L_NHC","distant",2020,96,2565.67,26.7257291666667,2689.05,28.0109375
"H_LHC","L_NHC","distant",2021,103,2837.6,27.5495145631068,2837.6,27.5495145631068
"H_NHC","H_HHC","distant",1988,18,15.5,0.861111111111111,28.73,1.59611111111111
"H_NHC","H_HHC","distant",1989,17,13.66,0.803529411764706,25.2,1.48235294117647
"H_NHC","H_HHC","distant",1990,16,16.82,1.05125,28.44,1.7775
"H_NHC","H_HHC","distant",1991,21,29.85,1.42142857142857,46.34,2.20666666666667
"H_NHC","H_HHC","distant",1992,16,11.3,0.70625,17.17,1.073125
"H_NHC","H_HHC","distant",1993,17,13.01,0.765294117647059,20.74,1.22
"H_NHC","H_HHC","distant",1994,21,16.33,0.777619047619048,24.83,1.18238095238095
"H_NHC","H_HHC","distant",1995,20,11.81,0.5905,15.82,0.791
"H_NHC","H_HHC","distant",1996,18,10.96,0.608888888888889,15.01,0.833888888888889
"H_NHC","H_HHC","distant",1997,16,11.68,0.73,17.48,1.0925
"H_NHC","H_HHC","distant",1998,25,10.25,0.41,15.3,0.612
"H_NHC","H_HHC","distant",1999,21,8.19,0.39,12.42,0.591428571428571
"H_NHC","H_HHC","distant",2000,21,13.47,0.641428571428571,21.31,1.0147619047619
"H_NHC","H_HHC","distant",2001,23,8.91,0.387391304347826,15.62,0.679130434782609
"H_NHC","H_HHC","distant",2002,19,10.29,0.541578947368421,16.98,0.893684210526316
"H_NHC","H_HHC","distant",2003,22,7.78,0.353636363636364,11.16,0.507272727272727
"H_NHC","H_HHC","distant",2004,20,6.27,0.3135,8.09,0.4045
"H_NHC","H_HHC","distant",2005,12,5,0.416666666666667,6.41,0.534166666666667
"H_NHC","H_HHC","distant",2006,9,2.48,0.275555555555556,2.99,0.332222222222222
"H_NHC","H_HHC","distant",2007,12,5.03,0.419166666666667,5.54,0.461666666666667
"H_NHC","H_HHC","distant",2008,15,2.43,0.162,2.5,0.166666666666667
"H_NHC","H_HHC","distant",2009,11,4.73,0.43,5.28,0.48
"H_NHC","H_HHC","distant",2010,14,4.73,0.337857142857143,4.76,0.34
"H_NHC","H_HHC","distant",2011,15,10.9,0.726666666666667,9.67,0.644666666666667
"H_NHC","H_HHC","distant",2012,17,9.94,0.584705882352941,10.21,0.600588235294118
"H_NHC","H_HHC","distant",2013,17,4.24,0.249411764705882,3.88,0.228235294117647
"H_NHC","H_HHC","distant",2014,12,4.36,0.363333333333333,4.36,0.363333333333333
"H_NHC","H_HHC","distant",2015,13,9.14,0.703076923076923,10.11,0.777692307692308
"H_NHC","H_HHC","distant",2016,16,2.78,0.17375,3.23,0.201875
"H_NHC","H_HHC","distant",2017,19,4.96,0.261052631578947,5.66,0.297894736842105
"H_NHC","H_HHC","distant",2018,14,8.85,0.632142857142857,9.63,0.687857142857143
"H_NHC","H_HHC","distant",2019,16,9.78,0.61125,10.87,0.679375
"H_NHC","H_HHC","distant",2020,16,6,0.375,6.54,0.40875
"H_NHC","H_HHC","distant",2021,17,6.12,0.36,6.12,0.36
"H_NHC","H_LHC","adjacent",1989,1,0.07,0.07,0.12,0.12
"H_NHC","H_LHC","adjacent",1990,1,0.07,0.07,0.11,0.11
"H_NHC","H_LHC","adjacent",1991,1,0.07,0.07,0.11,0.11
"H_NHC","H_LHC","adjacent",1992,1,0.07,0.07,0.1,0.1
"H_NHC","H_LHC","adjacent",1993,2,5.18,2.59,7.73,3.865
"H_NHC","H_LHC","adjacent",1994,2,10.52,5.26,15.87,7.935
"H_NHC","H_LHC","adjacent",1995,2,12.56,6.28,16.53,8.265
"H_NHC","H_LHC","adjacent",1996,2,5.43,2.715,7.42,3.71
"H_NHC","H_LHC","adjacent",1997,2,3.28,1.64,5.1,2.55
"H_NHC","H_LHC","adjacent",1998,2,3.79,1.895,5.95,2.975
"H_NHC","H_LHC","adjacent",1999,2,3.13,1.565,5.11,2.555
"H_NHC","H_LHC","adjacent",2000,2,2.57,1.285,4.78,2.39
"H_NHC","H_LHC","adjacent",2001,2,2.67,1.335,5.01,2.505
"H_NHC","H_LHC","adjacent",2002,2,3.89,1.945,6.85,3.425
"H_NHC","H_LHC","adjacent",2003,4,5.78,1.445,8.23,2.0575
"H_NHC","H_LHC","adjacent",2004,4,3.38,0.845,4.38,1.095
"H_NHC","H_LHC","adjacent",2005,1,0.43,0.43,0.52,0.52
"H_NHC","H_LHC","adjacent",2006,2,0.49,0.245,0.57,0.285
"H_NHC","H_LHC","adjacent",2007,2,0.43,0.215,0.45,0.225
"H_NHC","H_LHC","adjacent",2008,1,0.23,0.23,0.21,0.21
"H_NHC","H_LHC","adjacent",2009,1,0.52,0.52,0.53,0.53
"H_NHC","H_LHC","adjacent",2010,1,0.38,0.38,0.39,0.39
"H_NHC","H_LHC","distant",1988,20,71.2,3.56,132.22,6.611
"H_NHC","H_LHC","distant",1989,23,77.42,3.36608695652174,150.01,6.52217391304348
"H_NHC","H_LHC","distant",1990,24,94.27,3.92791666666667,150.64,6.27666666666667
"H_NHC","H_LHC","distant",1991,25,489.78,19.5912,775.42,31.0168
"H_NHC","H_LHC","distant",1992,22,185.56,8.43454545454546,266.2,12.1
"H_NHC","H_LHC","distant",1993,22,46.07,2.09409090909091,69.99,3.18136363636364
"H_NHC","H_LHC","distant",1994,22,89.89,4.08590909090909,135.39,6.15409090909091
"H_NHC","H_LHC","distant",1995,35,92.61,2.646,120.77,3.45057142857143
"H_NHC","H_LHC","distant",1996,33,180.71,5.47606060606061,234.29,7.09969696969697
"H_NHC","H_LHC","distant",1997,34,54.81,1.61205882352941,85.93,2.52735294117647
"H_NHC","H_LHC","distant",1998,42,75.98,1.80904761904762,122.71,2.92166666666667
"H_NHC","H_LHC","distant",1999,41,63.44,1.54731707317073,99.53,2.42756097560976
"H_NHC","H_LHC","distant",2000,38,56.82,1.49526315789474,101.86,2.68052631578947
"H_NHC","H_LHC","distant",2001,41,57.27,1.39682926829268,107.49,2.62170731707317
"H_NHC","H_LHC","distant",2002,49,44.04,0.898775510204082,76.07,1.55244897959184
"H_NHC","H_LHC","distant",2003,40,52.76,1.319,76.15,1.90375
"H_NHC","H_LHC","distant",2004,50,64.85,1.297,83.85,1.677
"H_NHC","H_LHC","distant",2005,18,38.44,2.13555555555556,47.61,2.645
"H_NHC","H_LHC","distant",2006,19,38.1,2.00526315789474,45.18,2.37789473684211
"H_NHC","H_LHC","distant",2007,18,35.4,1.96666666666667,37.63,2.09055555555556
"H_NHC","H_LHC","distant",2008,14,41.38,2.95571428571429,41.77,2.98357142857143
"H_NHC","H_LHC","distant",2009,15,26.69,1.77933333333333,28.02,1.868
"H_NHC","H_LHC","distant",2010,12,34.47,2.8725,37.06,3.08833333333333
"H_NHC","H_NHC","adjacent",1989,1,1.45,1.45,2.56,2.56
"H_NHC","H_NHC","adjacent",1990,1,1.45,1.45,2.31,2.31
"H_NHC","H_NHC","adjacent",1991,1,1.45,1.45,2.23,2.23
"H_NHC","H_NHC","adjacent",1992,1,1.45,1.45,2.11,2.11
"H_NHC","H_NHC","adjacent",1993,1,1.45,1.45,2.17,2.17
"H_NHC","H_NHC","adjacent",1994,1,1.91,1.91,2.72,2.72
"H_NHC","H_NHC","adjacent",1995,1,1.45,1.45,1.85,1.85
"H_NHC","H_NHC","adjacent",1996,1,1.45,1.45,1.96,1.96
"H_NHC","H_NHC","adjacent",1997,1,1.45,1.45,2.1,2.1
"H_NHC","H_NHC","adjacent",1998,1,1.45,1.45,2.13,2.13
"H_NHC","H_NHC","adjacent",1999,1,1.45,1.45,2.1,2.1
"H_NHC","H_NHC","adjacent",2000,1,1.45,1.45,2.18,2.18
"H_NHC","H_NHC","adjacent",2001,1,2.88,2.88,4.56,4.56
"H_NHC","H_NHC","adjacent",2002,1,2.88,2.88,4.41,4.41
"H_NHC","H_NHC","adjacent",2003,1,2.88,2.88,3.9,3.9
"H_NHC","H_NHC","adjacent",2004,1,1.45,1.45,1.81,1.81
"H_NHC","H_NHC","distant",1988,3,0.58,0.193333333333333,1.06,0.353333333333333
"H_NHC","H_NHC","distant",1989,6,1.79,0.298333333333333,3.19,0.531666666666667
"H_NHC","H_NHC","distant",1990,9,7.94,0.882222222222222,12.66,1.40666666666667
"H_NHC","H_NHC","distant",1991,7,8.41,1.20142857142857,13.01,1.85857142857143
"H_NHC","H_NHC","distant",1992,6,4.84,0.806666666666667,7.05,1.175
"H_NHC","H_NHC","distant",1993,4,1.36,0.34,2.05,0.5125
"H_NHC","H_NHC","distant",1994,4,1.23,0.3075,1.75,0.4375
"H_NHC","H_NHC","distant",1995,7,1.99,0.284285714285714,2.5,0.357142857142857
"H_NHC","H_NHC","distant",1996,8,24.91,3.11375,33.45,4.18125
"H_NHC","H_NHC","distant",1997,4,1.66,0.415,2.39,0.5975
"H_NHC","H_NHC","distant",1998,6,3.5,0.583333333333333,5.15,0.858333333333333
"H_NHC","H_NHC","distant",1999,5,3.2,0.64,4.74,0.948
"H_NHC","H_NHC","distant",2000,8,2.75,0.34375,4.55,0.56875
"H_NHC","H_NHC","distant",2001,6,3.51,0.585,6.03,1.005
"H_NHC","H_NHC","distant",2002,7,3.44,0.491428571428571,5.52,0.788571428571428
"H_NHC","H_NHC","distant",2003,5,2.54,0.508,3.45,0.69
"H_NHC","H_NHC","distant",2004,5,2.33,0.466,2.89,0.578
"H_NHC","L_HHC","distant",1988,442,2810.77,6.35920814479638,5263.71,11.9088461538462
"H_NHC","L_HHC","distant",1989,432,2511.37,5.81335648148148,4793.33,11.0956712962963
"H_NHC","L_HHC","distant",1990,470,3971.52,8.45004255319149,6439.03,13.7000638297872
"H_NHC","L_HHC","distant",1991,470,3430.01,7.29789361702128,5430.5,11.5542553191489
"H_NHC","L_HHC","distant",1992,488,2851.68,5.84360655737705,4264.59,8.73891393442623
"H_NHC","L_HHC","distant",1993,533,2696.95,5.05994371482176,4331.35,8.12636022514071
"H_NHC","L_HHC","distant",1994,550,3003.42,5.46076363636364,4668.45,8.48809090909091
"H_NHC","L_HHC","distant",1995,580,2965.24,5.11248275862069,4119.66,7.10286206896552
"H_NHC","L_HHC","distant",1996,552,3488.23,6.31925724637681,4865.05,8.81349637681159
"H_NHC","L_HHC","distant",1997,575,2887.65,5.022,4497.43,7.82161739130435
"H_NHC","L_HHC","distant",1998,591,2907.3,4.91928934010152,4595.18,7.77526226734349
"H_NHC","L_HHC","distant",1999,593,2790.81,4.7062563237774,4502.53,7.59279932546374
"H_NHC","L_HHC","distant",2000,606,2679.98,4.42240924092409,4695.78,7.74881188118812
"H_NHC","L_HHC","distant",2001,618,2994.28,4.84511326860841,5355.08,8.66517799352751
"H_NHC","L_HHC","distant",2002,629,3028.61,4.81496025437202,5062.82,8.04899841017488
"H_NHC","L_HHC","distant",2003,646,3810.63,5.8988080495356,5370.76,8.31386996904025
"H_NHC","L_HHC","distant",2004,664,4352.07,6.55432228915663,5486.77,8.2632078313253
"H_NHC","L_HHC","distant",2005,656,5140.01,7.83538109756098,6311.86,9.62173780487805
"H_NHC","L_HHC","distant",2006,668,5206.39,7.79399700598802,6104.13,9.13791916167665
"H_NHC","L_HHC","distant",2007,680,6131.46,9.01685294117647,6508.3,9.57102941176471
"H_NHC","L_HHC","distant",2008,697,7114.54,10.2073744619799,7174.67,10.2936441893831
"H_NHC","L_HHC","distant",2009,712,5962.51,8.37431179775281,6410.27,9.00318820224719
"H_NHC","L_HHC","distant",2010,709,6072.24,8.56451339915374,6441.86,9.08583921015515
"H_NHC","L_HHC","distant",2011,714,6556.33,9.1825350140056,6460.27,9.04799719887955
"H_NHC","L_HHC","distant",2012,706,5936.8,8.40906515580737,6055.41,8.57706798866855
"H_NHC","L_HHC","distant",2013,715,6831.14,9.55404195804196,6791.73,9.49892307692308
"H_NHC","L_HHC","distant",2014,684,8926.91,13.0510380116959,8830.01,12.9093713450292
"H_NHC","L_HHC","distant",2015,703,8088.39,11.505533428165,9135.29,12.9947226173542
"H_NHC","L_HHC","distant",2016,703,9883.11,14.0584779516358,11511.09,16.3742389758179
"H_NHC","L_HHC","distant",2017,730,10074.34,13.8004657534247,11524.77,15.7873561643836
"H_NHC","L_HHC","distant",2018,711,12451.49,17.5126441631505,13485.75,18.9672995780591
"H_NHC","L_HHC","distant",2019,740,9166.71,12.3874459459459,10267.67,13.8752297297297
"H_NHC","L_HHC","distant",2020,774,10048.26,12.9822480620155,10901.45,14.0845607235142
"H_NHC","L_HHC","distant",2021,805,9041.71,11.2319378881988,9041.71,11.2319378881988
"H_NHC","L_LHC","adjacent",1989,2,0.05,0.025,0.09,0.045
"H_NHC","L_LHC","adjacent",1990,2,35.91,17.955,57.31,28.655
"H_NHC","L_LHC","adjacent",1991,2,10.02,5.01,15.38,7.69
"H_NHC","L_LHC","adjacent",1992,1,0.77,0.77,1.12,1.12
"H_NHC","L_LHC","adjacent",1993,1,0.02,0.02,0.03,0.03
"H_NHC","L_LHC","adjacent",1994,1,0.01,0.01,0.01,0.01
"H_NHC","L_LHC","adjacent",1996,1,0.01,0.01,0.01,0.01
"H_NHC","L_LHC","adjacent",1997,2,1.42,0.71,2.06,1.03
"H_NHC","L_LHC","adjacent",1999,1,0.05,0.05,0.07,0.07
"H_NHC","L_LHC","adjacent",2001,1,0.02,0.02,0.03,0.03
"H_NHC","L_LHC","adjacent",2002,1,0.32,0.32,0.49,0.49
"H_NHC","L_LHC","adjacent",2003,1,0.71,0.71,0.96,0.96
"H_NHC","L_LHC","adjacent",2004,1,1.14,1.14,1.42,1.42
"H_NHC","L_LHC","adjacent",2005,1,0.29,0.29,0.35,0.35
"H_NHC","L_LHC","adjacent",2006,1,0.07,0.07,0.08,0.08
"H_NHC","L_LHC","adjacent",2008,2,4.25,2.125,4.43,2.215
"H_NHC","L_LHC","adjacent",2009,1,0.05,0.05,0.05,0.05
"H_NHC","L_LHC","adjacent",2010,1,1.75,1.75,1.87,1.87
"H_NHC","L_LHC","adjacent",2011,2,1.79,0.895,1.81,0.905
"H_NHC","L_LHC","adjacent",2012,2,2.37,1.185,2.45,1.225
"H_NHC","L_LHC","adjacent",2013,2,2.22,1.11,2.27,1.135
"H_NHC","L_LHC","adjacent",2014,2,3.49,1.745,3.56,1.78
"H_NHC","L_LHC","adjacent",2015,2,3.12,1.56,3.53,1.765
"H_NHC","L_LHC","adjacent",2016,2,86.85,43.425,99.11,49.555
"H_NHC","L_LHC","adjacent",2017,2,17.58,8.79,19.69,9.845
"H_NHC","L_LHC","adjacent",2018,1,0.03,0.03,0.03,0.03
"H_NHC","L_LHC","adjacent",2019,3,14.89,4.96333333333333,16.31,5.43666666666667
"H_NHC","L_LHC","adjacent",2020,3,11.12,3.70666666666667,11.82,3.94
"H_NHC","L_LHC","adjacent",2021,3,43.74,14.58,43.74,14.58
"H_NHC","L_LHC","distant",1988,409,5466.69,13.3659902200489,10356.15,25.3206601466993
"H_NHC","L_LHC","distant",1989,406,5726.06,14.1035960591133,10870.42,26.7744334975369
"H_NHC","L_LHC","distant",1990,457,8960.8,19.6078774617068,14530.97,31.7964332603939
"H_NHC","L_LHC","distant",1991,470,7977.75,16.9739361702128,12659.43,26.9349574468085
"H_NHC","L_LHC","distant",1992,474,7748.24,16.3464978902954,11644.08,24.5655696202532
"H_NHC","L_LHC","distant",1993,497,6150.16,12.3745674044266,9866.72,19.852555331992
"H_NHC","L_LHC","distant",1994,523,6492.71,12.4143594646272,10171.2,19.4478011472275
"H_NHC","L_LHC","distant",1995,541,7575.97,14.0036414048059,10413.52,19.2486506469501
"H_NHC","L_LHC","distant",1996,548,7358.41,13.4277554744526,10325.33,18.8418430656934
"H_NHC","L_LHC","distant",1997,556,6672.51,12.0009172661871,10231.95,18.4027877697842
"H_NHC","L_LHC","distant",1998,591,6509.18,11.0138409475465,10141.52,17.1599323181049
"H_NHC","L_LHC","distant",1999,601,5968.08,9.93024958402662,9376.18,15.6009650582363
"H_NHC","L_LHC","distant",2000,588,5830.57,9.91593537414966,9905.92,16.8468027210884
"H_NHC","L_LHC","distant",2001,622,6533.06,10.5033118971061,11392.74,18.3163022508039
"H_NHC","L_LHC","distant",2002,656,7115.52,10.8468292682927,11647.59,17.7554725609756
"H_NHC","L_LHC","distant",2003,681,10327.11,15.1646255506608,14265.64,20.9480763582966
"H_NHC","L_LHC","distant",2004,692,10503.5,15.1784682080925,12794.69,18.489436416185
"H_NHC","L_LHC","distant",2005,688,19133.91,27.8109156976744,22685.86,32.9736337209302
"H_NHC","L_LHC","distant",2006,692,18190.37,26.286661849711,20656.02,29.8497398843931
"H_NHC","L_LHC","distant",2007,705,18149.48,25.7439432624113,19050.17,27.0215177304965
"H_NHC","L_LHC","distant",2008,712,17664.26,24.8093539325843,17694.21,24.8514185393258
"H_NHC","L_LHC","distant",2009,720,14295.71,19.8551527777778,15320.94,21.2790833333333
"H_NHC","L_LHC","distant",2010,721,14937.82,20.7181969486824,15913.45,22.071359223301
"H_NHC","L_LHC","distant",2011,748,15791.22,21.111256684492,15676.15,20.9574197860963
"H_NHC","L_LHC","distant",2012,735,15025.73,20.4431700680272,15409.72,20.9656054421769
"H_NHC","L_LHC","distant",2013,740,20697.38,27.9694324324324,20655.12,27.9123243243243
"H_NHC","L_LHC","distant",2014,717,18943.73,26.4208228730823,18771.85,26.1811018131102
"H_NHC","L_LHC","distant",2015,737,17964.47,24.3751289009498,20254.01,27.4816960651289
"H_NHC","L_LHC","distant",2016,747,17626.73,23.5966934404284,20512.82,27.4602677376171
"H_NHC","L_LHC","distant",2017,741,16598.67,22.4003643724696,19039.36,25.6941430499325
"H_NHC","L_LHC","distant",2018,735,17025.43,23.1638503401361,18534.68,25.2172517006803
"H_NHC","L_LHC","distant",2019,788,16628.17,21.1017385786802,18683.33,23.7098096446701
"H_NHC","L_LHC","distant",2020,811,16960.7,20.913316892725,18408.08,22.6980024660912
"H_NHC","L_LHC","distant",2021,835,15859.72,18.9936766467066,15859.72,18.9936766467066
"H_NHC","L_NHC","adjacent",1998,2,5.58,2.79,9.53,4.765
"H_NHC","L_NHC","adjacent",1999,2,8.92,4.46,16.32,8.16
"H_NHC","L_NHC","adjacent",2000,2,5.88,2.94,10.99,5.495
"H_NHC","L_NHC","adjacent",2001,2,3.13,1.565,5.32,2.66
"H_NHC","L_NHC","adjacent",2002,4,8.64,2.16,14.55,3.6375
"H_NHC","L_NHC","adjacent",2003,6,13.68,2.28,21.1,3.51666666666667
"H_NHC","L_NHC","adjacent",2004,6,11.54,1.92333333333333,15.59,2.59833333333333
"H_NHC","L_NHC","adjacent",2005,7,27.79,3.97,33.8,4.82857142857143
"H_NHC","L_NHC","adjacent",2006,7,14.92,2.13142857142857,17.31,2.47285714285714
"H_NHC","L_NHC","adjacent",2007,7,32.15,4.59285714285714,31.98,4.56857142857143
"H_NHC","L_NHC","adjacent",2008,7,39.96,5.70857142857143,34.26,4.89428571428571
"H_NHC","L_NHC","adjacent",2009,7,29.61,4.23,30.27,4.32428571428571
"H_NHC","L_NHC","adjacent",2010,7,34.67,4.95285714285714,34.51,4.93
"H_NHC","L_NHC","adjacent",2011,7,45.57,6.51,43.08,6.15428571428571
"H_NHC","L_NHC","adjacent",2012,7,38.57,5.51,39.25,5.60714285714286
"H_NHC","L_NHC","adjacent",2013,7,54.08,7.72571428571429,53.62,7.66
"H_NHC","L_NHC","adjacent",2014,7,48.06,6.86571428571429,46.76,6.68
"H_NHC","L_NHC","adjacent",2015,7,56.2,8.02857142857143,64.49,9.21285714285714
"H_NHC","L_NHC","adjacent",2016,7,50.2,7.17142857142857,59.79,8.54142857142857
"H_NHC","L_NHC","adjacent",2017,7,101.4,14.4857142857143,113.59,16.2271428571429
"H_NHC","L_NHC","adjacent",2018,7,111.93,15.99,118.3,16.9
"H_NHC","L_NHC","adjacent",2019,7,138.69,19.8128571428571,151.13,21.59
"H_NHC","L_NHC","adjacent",2020,7,199.67,28.5242857142857,213.26,30.4657142857143
"H_NHC","L_NHC","adjacent",2021,7,182.47,26.0671428571429,182.47,26.0671428571429
"H_NHC","L_NHC","distant",1988,165,782.48,4.74230303030303,1495.06,9.0609696969697
"H_NHC","L_NHC","distant",1989,165,858.8,5.20484848484848,1668.81,10.114
"H_NHC","L_NHC","distant",1990,173,1290.74,7.46092485549133,2122.24,12.2672832369942
"H_NHC","L_NHC","distant",1991,197,1413.74,7.17634517766497,2279.5,11.5710659898477
"H_NHC","L_NHC","distant",1992,200,1656.51,8.28255,2446.88,12.2344
"H_NHC","L_NHC","distant",1993,203,1200.3,5.9128078817734,1888.88,9.3048275862069
"H_NHC","L_NHC","distant",1994,208,1027.64,4.94057692307692,1580.14,7.59682692307692
"H_NHC","L_NHC","distant",1995,231,1196.57,5.17995670995671,1651.29,7.14844155844156
"H_NHC","L_NHC","distant",1996,241,1209.49,5.01863070539419,1700.15,7.0545643153527
"H_NHC","L_NHC","distant",1997,243,1211.11,4.98399176954733,1872.5,7.70576131687243
"H_NHC","L_NHC","distant",1998,254,1042.22,4.10322834645669,1647.81,6.48744094488189
"H_NHC","L_NHC","distant",1999,253,1321.61,5.22375494071146,2201.21,8.7004347826087
"H_NHC","L_NHC","distant",2000,256,1166.2,4.55546875,2102.14,8.211484375
"H_NHC","L_NHC","distant",2001,266,1150.59,4.32552631578947,2100.21,7.89552631578947
"H_NHC","L_NHC","distant",2002,273,2212.77,8.10538461538462,3612.81,13.2337362637363
"H_NHC","L_NHC","distant",2003,294,1342.45,4.56615646258503,1925.18,6.54823129251701
"H_NHC","L_NHC","distant",2004,300,1591.58,5.30526666666667,2052.93,6.8431
"H_NHC","L_NHC","distant",2005,292,1831.58,6.27253424657534,2286.94,7.83198630136986
"H_NHC","L_NHC","distant",2006,296,2118.65,7.15760135135135,2531.93,8.55381756756757
"H_NHC","L_NHC","distant",2007,303,1920.01,6.33666666666667,2091.17,6.90155115511551
"H_NHC","L_NHC","distant",2008,301,2572.79,8.54747508305648,2633.91,8.75053156146179
"H_NHC","L_NHC","distant",2009,291,1955.7,6.72061855670103,2093.37,7.19371134020619
"H_NHC","L_NHC","distant",2010,295,2150.95,7.29135593220339,2289.54,7.76115254237288
"H_NHC","L_NHC","distant",2011,289,1943.39,6.72453287197232,1903.31,6.58584775086505
"H_NHC","L_NHC","distant",2012,286,1804.87,6.31073426573427,1848.99,6.465
"H_NHC","L_NHC","distant",2013,290,1694.11,5.84175862068965,1680,5.79310344827586
"H_NHC","L_NHC","distant",2014,286,2227.42,7.78818181818182,2209.34,7.72496503496504
"H_NHC","L_NHC","distant",2015,282,2292.86,8.13070921985816,2662.33,9.44088652482269
"H_NHC","L_NHC","distant",2016,273,2107.22,7.71875457875458,2461.08,9.01494505494505
"H_NHC","L_NHC","distant",2017,275,3165.49,11.5108727272727,3585.66,13.0387636363636
"H_NHC","L_NHC","distant",2018,277,2996.4,10.8173285198556,3250.21,11.7336101083032
"H_NHC","L_NHC","distant",2019,286,2750.69,9.6177972027972,3075.04,10.7518881118881
"H_NHC","L_NHC","distant",2020,300,2535.12,8.4504,2750.98,9.16993333333333
"H_NHC","L_NHC","distant",2021,306,2878.37,9.40643790849673,2878.37,9.40643790849673
"L_HHC","H_HHC","adjacent",1998,1,1.84,1.84,2.43,2.43
"L_HHC","H_HHC","adjacent",1999,1,3.32,3.32,4.58,4.58
"L_HHC","H_HHC","adjacent",2000,1,1.66,1.66,2.28,2.28
"L_HHC","H_HHC","adjacent",2001,1,0.9,0.9,1.59,1.59
"L_HHC","H_HHC","adjacent",2002,1,8.42,8.42,13.34,13.34
"L_HHC","H_HHC","adjacent",2004,1,9.24,9.24,9.98,9.98
"L_HHC","H_HHC","distant",2001,1,0.01,0.01,0.02,0.02
"L_HHC","H_HHC","distant",2006,1,0.01,0.01,0.01,0.01
"L_HHC","H_HHC","distant",2007,2,0.17,0.085,0.14,0.07
"L_HHC","H_HHC","distant",2008,3,1.21,0.403333333333333,0.86,0.286666666666667
"L_HHC","H_HHC","distant",2009,3,0.06,0.02,0.05,0.0166666666666667
"L_HHC","H_HHC","distant",2010,2,0.03,0.015,0.02,0.01
"L_HHC","H_HHC","distant",2011,2,0.07,0.035,0.06,0.03
"L_HHC","H_HHC","distant",2012,1,0.01,0.01,0.01,0.01
"L_HHC","H_HHC","distant",2014,1,0.06,0.06,0.05,0.05
"L_HHC","H_HHC","distant",2015,2,0.14,0.07,0.13,0.065
"L_HHC","H_HHC","distant",2016,1,0.01,0.01,0.01,0.01
"L_HHC","H_HHC","distant",2017,2,0.04,0.02,0.04,0.02
"L_HHC","H_HHC","distant",2018,1,0.01,0.01,0.02,0.02
"L_HHC","H_HHC","distant",2019,1,0.02,0.02,0.03,0.03
"L_HHC","H_HHC","distant",2020,2,0.13,0.065,0.14,0.07
"L_HHC","H_LHC","distant",1992,1,0.01,0.01,0.01,0.01
"L_HHC","H_LHC","distant",1995,1,0.16,0.16,0.21,0.21
"L_HHC","H_LHC","distant",1999,1,0.03,0.03,0.04,0.04
"L_HHC","H_LHC","distant",2000,1,1.79,1.79,2.46,2.46
"L_HHC","H_LHC","distant",2001,2,0.06,0.03,0.1,0.05
"L_HHC","H_LHC","distant",2002,2,0.03,0.015,0.05,0.025
"L_HHC","H_LHC","distant",2003,3,0.06,0.02,0.08,0.0266666666666667
"L_HHC","H_LHC","distant",2004,4,10.46,2.615,11.3,2.825
"L_HHC","H_LHC","distant",2005,2,13.51,6.755,12.78,6.39
"L_HHC","H_LHC","distant",2006,2,11.6,5.8,10.7,5.35
"L_HHC","H_LHC","distant",2007,2,13.36,6.68,10.55,5.275
"L_HHC","H_LHC","distant",2008,1,0.52,0.52,0.37,0.37
"L_HHC","H_LHC","distant",2009,1,0.13,0.13,0.1,0.1
"L_HHC","H_LHC","distant",2010,1,0.42,0.42,0.3,0.3
"L_HHC","H_NHC","distant",1993,1,0.02,0.02,0.02,0.02
"L_HHC","H_NHC","distant",1998,1,0.01,0.01,0.01,0.01
"L_HHC","H_NHC","distant",2003,1,0.04,0.04,0.05,0.05
"L_HHC","L_HHC","adjacent",1991,1,0.3,0.3,0.39,0.39
"L_HHC","L_HHC","adjacent",1992,2,16.83,8.415,21.69,10.845
"L_HHC","L_HHC","adjacent",1993,2,5.61,2.805,6.87,3.435
"L_HHC","L_HHC","adjacent",1994,2,2.59,1.295,4.16,2.08
"L_HHC","L_HHC","adjacent",1995,2,10.29,5.145,13.54,6.77
"L_HHC","L_HHC","adjacent",1998,3,8.48,2.82666666666667,11.21,3.73666666666667
"L_HHC","L_HHC","adjacent",1999,2,3.28,1.64,4.52,2.26
"L_HHC","L_HHC","adjacent",2000,2,4.75,2.375,6.54,3.27
"L_HHC","L_HHC","adjacent",2001,3,4.18,1.39333333333333,7.4,2.46666666666667
"L_HHC","L_HHC","adjacent",2002,3,4.79,1.59666666666667,7.59,2.53
"L_HHC","L_HHC","adjacent",2003,2,4.03,2.015,5.14,2.57
"L_HHC","L_HHC","adjacent",2004,3,27.52,9.17333333333333,29.73,9.91
"L_HHC","L_HHC","adjacent",2005,3,34.34,11.4466666666667,32.47,10.8233333333333
"L_HHC","L_HHC","adjacent",2006,9,109.5,12.1666666666667,116.76,12.9733333333333
"L_HHC","L_HHC","adjacent",2007,9,93.79,10.4211111111111,88.95,9.88333333333333
"L_HHC","L_HHC","adjacent",2008,9,181.59,20.1766666666667,172.12,19.1244444444444
"L_HHC","L_HHC","adjacent",2009,9,69.98,7.77555555555556,63.6,7.06666666666667
"L_HHC","L_HHC","adjacent",2010,8,54.24,6.78,47.67,5.95875
"L_HHC","L_HHC","adjacent",2011,8,61.42,7.6775,52.61,6.57625
"L_HHC","L_HHC","adjacent",2012,8,50.42,6.3025,42.44,5.305
"L_HHC","L_HHC","adjacent",2013,8,78.8,9.85,69.32,8.665
"L_HHC","L_HHC","adjacent",2014,8,105.82,13.2275,98.02,12.2525
"L_HHC","L_HHC","adjacent",2015,9,60.76,6.75111111111111,66.15,7.35
"L_HHC","L_HHC","adjacent",2016,9,66.75,7.41666666666667,72.2,8.02222222222222
"L_HHC","L_HHC","adjacent",2017,9,67.25,7.47222222222222,73.73,8.19222222222222
"L_HHC","L_HHC","adjacent",2018,8,59.96,7.495,64.97,8.12125
"L_HHC","L_HHC","adjacent",2019,9,76.08,8.45333333333333,84.4,9.37777777777778
"L_HHC","L_HHC","adjacent",2020,9,58.59,6.51,64.43,7.15888888888889
"L_HHC","L_HHC","adjacent",2021,9,110.63,12.2922222222222,110.63,12.2922222222222
"L_HHC","L_HHC","distant",1991,1,7.8,7.8,10.02,10.02
"L_HHC","L_HHC","distant",1992,3,37.81,12.6033333333333,48.72,16.24
"L_HHC","L_HHC","distant",1993,9,13.64,1.51555555555556,16.7,1.85555555555556
"L_HHC","L_HHC","distant",1994,3,1.55,0.516666666666667,2.5,0.833333333333333
"L_HHC","L_HHC","distant",1995,4,3.24,0.81,4.26,1.065
"L_HHC","L_HHC","distant",1998,7,9.56,1.36571428571429,12.64,1.80571428571429
"L_HHC","L_HHC","distant",1999,5,9.73,1.946,13.42,2.684
"L_HHC","L_HHC","distant",2000,8,2.89,0.36125,3.98,0.4975
"L_HHC","L_HHC","distant",2001,13,2.8,0.215384615384615,4.98,0.383076923076923
"L_HHC","L_HHC","distant",2002,6,4.7,0.783333333333333,7.45,1.24166666666667
"L_HHC","L_HHC","distant",2003,7,3.33,0.475714285714286,4.25,0.607142857142857
"L_HHC","L_HHC","distant",2004,18,56.72,3.15111111111111,61.26,3.40333333333333
"L_HHC","L_HHC","distant",2005,19,133.45,7.02368421052632,126.16,6.64
"L_HHC","L_HHC","distant",2006,44,226.38,5.145,209.14,4.75318181818182
"L_HHC","L_HHC","distant",2007,56,122.46,2.18678571428571,97.16,1.735
"L_HHC","L_HHC","distant",2008,70,145.13,2.07328571428571,103.64,1.48057142857143
"L_HHC","L_HHC","distant",2009,61,168.16,2.75672131147541,134.35,2.20245901639344
"L_HHC","L_HHC","distant",2010,60,186.66,3.111,135.1,2.25166666666667
"L_HHC","L_HHC","distant",2011,57,239,4.19298245614035,177.79,3.11912280701754
"L_HHC","L_HHC","distant",2012,59,354.34,6.00576271186441,262.99,4.45745762711864
"L_HHC","L_HHC","distant",2013,71,415.39,5.85056338028169,308.42,4.34394366197183
"L_HHC","L_HHC","distant",2014,70,484.21,6.91728571428571,384.57,5.49385714285714
"L_HHC","L_HHC","distant",2015,65,554.9,8.53692307692308,509.23,7.83430769230769
"L_HHC","L_HHC","distant",2016,71,174.32,2.45521126760563,164.22,2.31295774647887
"L_HHC","L_HHC","distant",2017,82,177.37,2.1630487804878,181.56,2.21414634146341
"L_HHC","L_HHC","distant",2018,70,192.01,2.743,222.84,3.18342857142857
"L_HHC","L_HHC","distant",2019,82,141.35,1.72378048780488,168.77,2.05817073170732
"L_HHC","L_HHC","distant",2020,95,178.07,1.87442105263158,227.04,2.38989473684211
"L_HHC","L_HHC","distant",2021,53,128.77,2.42962264150943,128.77,2.42962264150943
"L_HHC","L_LHC","adjacent",1992,1,0.13,0.13,0.17,0.17
"L_HHC","L_LHC","adjacent",1993,2,0.17,0.085,0.21,0.105
"L_HHC","L_LHC","adjacent",1994,1,0.01,0.01,0.02,0.02
"L_HHC","L_LHC","adjacent",1995,2,24.16,12.08,31.8,15.9
"L_HHC","L_LHC","adjacent",1998,2,0.13,0.065,0.18,0.09
"L_HHC","L_LHC","adjacent",2000,2,0.09,0.045,0.12,0.06
"L_HHC","L_LHC","adjacent",2001,3,0.22,0.0733333333333333,0.39,0.13
"L_HHC","L_LHC","adjacent",2002,3,0.16,0.0533333333333333,0.26,0.0866666666666667
"L_HHC","L_LHC","adjacent",2003,3,2.37,0.79,3.02,1.00666666666667
"L_HHC","L_LHC","adjacent",2004,3,38.73,12.91,41.85,13.95
"L_HHC","L_LHC","adjacent",2005,3,21.39,7.13,20.23,6.74333333333333
"L_HHC","L_LHC","adjacent",2006,4,27.65,6.9125,25.52,6.38
"L_HHC","L_LHC","adjacent",2007,4,59.82,14.955,47.23,11.8075
"L_HHC","L_LHC","adjacent",2008,4,67.27,16.8175,47.73,11.9325
"L_HHC","L_LHC","adjacent",2009,4,70.76,17.69,56.23,14.0575
"L_HHC","L_LHC","adjacent",2010,4,65.47,16.3675,47.16,11.79
"L_HHC","L_LHC","adjacent",2011,4,201.21,50.3025,149.36,37.34
"L_HHC","L_LHC","adjacent",2012,4,1052.15,263.0375,779.17,194.7925
"L_HHC","L_LHC","adjacent",2013,4,1679.54,419.885,1244.28,311.07
"L_HHC","L_LHC","adjacent",2014,4,2338.15,584.5375,1853.57,463.3925
"L_HHC","L_LHC","adjacent",2015,4,2699.91,674.9775,2468.83,617.2075
"L_HHC","L_LHC","adjacent",2016,4,5861.36,1465.34,5501.85,1375.4625
"L_HHC","L_LHC","adjacent",2017,4,7259.35,1814.8375,7411.63,1852.9075
"L_HHC","L_LHC","adjacent",2018,4,6703.34,1675.835,7794.06,1948.515
"L_HHC","L_LHC","adjacent",2019,5,7247.96,1449.592,8693.35,1738.67
"L_HHC","L_LHC","adjacent",2020,6,7122.72,1187.12,9183.53,1530.58833333333
"L_HHC","L_LHC","adjacent",2021,4,6724.57,1681.1425,6724.57,1681.1425
"L_HHC","L_LHC","distant",1992,6,13.77,2.295,17.75,2.95833333333333
"L_HHC","L_LHC","distant",1993,19,18.62,0.98,22.78,1.19894736842105
"L_HHC","L_LHC","distant",1994,10,12.63,1.263,20.3,2.03
"L_HHC","L_LHC","distant",1995,9,21.37,2.37444444444444,28.11,3.12333333333333
"L_HHC","L_LHC","distant",1998,14,19.12,1.36571428571429,25.29,1.80642857142857
"L_HHC","L_LHC","distant",1999,11,17.33,1.57545454545455,23.91,2.17363636363636
"L_HHC","L_LHC","distant",2000,16,6.34,0.39625,8.73,0.545625
"L_HHC","L_LHC","distant",2001,16,4.77,0.298125,8.44,0.5275
"L_HHC","L_LHC","distant",2002,13,11.53,0.886923076923077,18.28,1.40615384615385
"L_HHC","L_LHC","distant",2003,13,8.45,0.65,10.79,0.83
"L_HHC","L_LHC","distant",2004,21,75.36,3.58857142857143,81.41,3.87666666666667
"L_HHC","L_LHC","distant",2005,22,254.26,11.5572727272727,240.41,10.9277272727273
"L_HHC","L_LHC","distant",2006,55,236.69,4.30345454545454,218.7,3.97636363636364
"L_HHC","L_LHC","distant",2007,56,227.93,4.07017857142857,180.31,3.21982142857143
"L_HHC","L_LHC","distant",2008,70,370.47,5.29242857142857,263.39,3.76271428571429
"L_HHC","L_LHC","distant",2009,66,279.9,4.24090909090909,222.98,3.37848484848485
"L_HHC","L_LHC","distant",2010,69,419.09,6.07376811594203,302.4,4.38260869565217
"L_HHC","L_LHC","distant",2011,68,529.89,7.7925,393.67,5.78926470588235
"L_HHC","L_LHC","distant",2012,69,855.06,12.3921739130435,633.49,9.18101449275362
"L_HHC","L_LHC","distant",2013,77,840.71,10.9183116883117,623.31,8.09493506493506
"L_HHC","L_LHC","distant",2014,70,283.69,4.05271428571429,225.27,3.21814285714286
"L_HHC","L_LHC","distant",2015,66,182.41,2.76378787878788,167.36,2.53575757575758
"L_HHC","L_LHC","distant",2016,75,165.07,2.20093333333333,155.31,2.0708
"L_HHC","L_LHC","distant",2017,78,182.54,2.34025641025641,186.73,2.39397435897436
"L_HHC","L_LHC","distant",2018,76,207.6,2.73157894736842,241.17,3.17328947368421
"L_HHC","L_LHC","distant",2019,81,199.6,2.4641975308642,239.06,2.95135802469136
"L_HHC","L_LHC","distant",2020,91,125.7,1.38131868131868,160.18,1.76021978021978
"L_HHC","L_LHC","distant",2021,66,118.86,1.80090909090909,118.86,1.80090909090909
"L_HHC","L_NHC","adjacent",1993,1,0.39,0.39,0.48,0.48
"L_HHC","L_NHC","adjacent",1994,1,0.06,0.06,0.1,0.1
"L_HHC","L_NHC","adjacent",1995,1,0.02,0.02,0.03,0.03
"L_HHC","L_NHC","adjacent",1998,1,1.37,1.37,1.81,1.81
"L_HHC","L_NHC","adjacent",1999,1,0.35,0.35,0.48,0.48
"L_HHC","L_NHC","adjacent",2000,1,0.96,0.96,1.32,1.32
"L_HHC","L_NHC","adjacent",2001,1,0.5,0.5,0.88,0.88
"L_HHC","L_NHC","adjacent",2002,1,1.99,1.99,3.15,3.15
"L_HHC","L_NHC","adjacent",2003,1,3.27,3.27,4.17,4.17
"L_HHC","L_NHC","adjacent",2004,1,6.1,6.1,6.59,6.59
"L_HHC","L_NHC","adjacent",2005,1,9.92,9.92,9.38,9.38
"L_HHC","L_NHC","adjacent",2006,1,12.42,12.42,11.46,11.46
"L_HHC","L_NHC","adjacent",2007,1,7.56,7.56,5.97,5.97
"L_HHC","L_NHC","adjacent",2008,1,7.96,7.96,5.65,5.65
"L_HHC","L_NHC","adjacent",2009,1,6.92,6.92,5.5,5.5
"L_HHC","L_NHC","adjacent",2010,1,5.25,5.25,3.78,3.78
"L_HHC","L_NHC","adjacent",2011,1,6.01,6.01,4.46,4.46
"L_HHC","L_NHC","adjacent",2012,1,4.94,4.94,3.66,3.66
"L_HHC","L_NHC","adjacent",2013,1,5.42,5.42,4.02,4.02
"L_HHC","L_NHC","adjacent",2014,1,4.81,4.81,3.81,3.81
"L_HHC","L_NHC","adjacent",2015,1,8.82,8.82,8.07,8.07
"L_HHC","L_NHC","adjacent",2016,1,4.72,4.72,4.43,4.43
"L_HHC","L_NHC","adjacent",2017,1,5.29,5.29,5.4,5.4
"L_HHC","L_NHC","adjacent",2018,1,1.82,1.82,2.12,2.12
"L_HHC","L_NHC","adjacent",2019,1,2.6,2.6,3.12,3.12
"L_HHC","L_NHC","adjacent",2020,1,2.28,2.28,2.94,2.94
"L_HHC","L_NHC","adjacent",2021,1,1.24,1.24,1.24,1.24
"L_HHC","L_NHC","distant",1992,2,0.03,0.015,0.04,0.02
"L_HHC","L_NHC","distant",1993,8,0.65,0.08125,0.8,0.1
"L_HHC","L_NHC","distant",1994,2,0.71,0.355,1.14,0.57
"L_HHC","L_NHC","distant",1995,2,0.47,0.235,0.62,0.31
"L_HHC","L_NHC","distant",1998,6,2.5,0.416666666666667,3.31,0.551666666666667
"L_HHC","L_NHC","distant",1999,5,0.53,0.106,0.73,0.146
"L_HHC","L_NHC","distant",2000,6,1.28,0.213333333333333,1.76,0.293333333333333
"L_HHC","L_NHC","distant",2001,7,1.87,0.267142857142857,3.3,0.471428571428571
"L_HHC","L_NHC","distant",2002,4,0.67,0.1675,1.06,0.265
"L_HHC","L_NHC","distant",2003,6,5.59,0.931666666666667,7.14,1.19
"L_HHC","L_NHC","distant",2004,8,9.27,1.15875,10,1.25
"L_HHC","L_NHC","distant",2005,10,24.44,2.444,23.12,2.312
"L_HHC","L_NHC","distant",2006,23,21.5,0.934782608695652,19.91,0.865652173913043
"L_HHC","L_NHC","distant",2007,22,23.95,1.08863636363636,19.03,0.865
"L_HHC","L_NHC","distant",2008,30,92.24,3.07466666666667,75.93,2.531
"L_HHC","L_NHC","distant",2009,25,20.04,0.8016,16.1,0.644
"L_HHC","L_NHC","distant",2010,30,22.33,0.744333333333333,16.29,0.543
"L_HHC","L_NHC","distant",2011,28,26.87,0.959642857142857,20.11,0.718214285714286
"L_HHC","L_NHC","distant",2012,27,28.58,1.05851851851852,21.33,0.79
"L_HHC","L_NHC","distant",2013,31,52.83,1.7041935483871,39.32,1.26838709677419
"L_HHC","L_NHC","distant",2014,28,51.24,1.83,40.98,1.46357142857143
"L_HHC","L_NHC","distant",2015,30,54.5,1.81666666666667,49.91,1.66366666666667
"L_HHC","L_NHC","distant",2016,28,31.59,1.12821428571429,29.77,1.06321428571429
"L_HHC","L_NHC","distant",2017,35,41.93,1.198,42.89,1.22542857142857
"L_HHC","L_NHC","distant",2018,31,36.58,1.18,42.45,1.36935483870968
"L_HHC","L_NHC","distant",2019,34,32.95,0.969117647058824,39.44,1.16
"L_HHC","L_NHC","distant",2020,44,22.35,0.507954545454545,28.09,0.638409090909091
"L_HHC","L_NHC","distant",2021,27,17.72,0.656296296296296,17.72,0.656296296296296
"L_LHC","H_HHC","distant",2017,1,0.05,0.05,0.06,0.06
"L_LHC","L_HHC","adjacent",2014,1,6.5,6.5,6.63,6.63
"L_LHC","L_HHC","adjacent",2015,1,0.32,0.32,0.37,0.37
"L_LHC","L_HHC","adjacent",2016,3,2.26,0.753333333333333,2.58,0.86
"L_LHC","L_HHC","adjacent",2017,2,3.19,1.595,3.58,1.79
"L_LHC","L_HHC","adjacent",2018,2,1.6,0.8,1.72,0.86
"L_LHC","L_HHC","adjacent",2019,2,1.23,0.615,1.35,0.675
"L_LHC","L_HHC","adjacent",2020,2,5.31,2.655,5.65,2.825
"L_LHC","L_HHC","adjacent",2021,2,3.67,1.835,3.67,1.835
"L_LHC","L_HHC","distant",2013,4,0.47,0.1175,0.47,0.1175
"L_LHC","L_HHC","distant",2014,7,1.89,0.27,1.92,0.274285714285714
"L_LHC","L_HHC","distant",2015,7,6.91,0.987142857142857,7.83,1.11857142857143
"L_LHC","L_HHC","distant",2016,4,1.19,0.2975,1.36,0.34
"L_LHC","L_HHC","distant",2017,5,1.7,0.34,1.9,0.38
"L_LHC","L_HHC","distant",2018,6,4.13,0.688333333333333,4.43,0.738333333333333
"L_LHC","L_HHC","distant",2019,7,2.74,0.391428571428571,3,0.428571428571429
"L_LHC","L_HHC","distant",2020,8,5.43,0.67875,5.78,0.7225
"L_LHC","L_HHC","distant",2021,11,6.28,0.570909090909091,6.28,0.570909090909091
"L_LHC","L_LHC","adjacent",2012,1,0.03,0.03,0.03,0.03
"L_LHC","L_LHC","adjacent",2014,1,0.05,0.05,0.05,0.05
"L_LHC","L_LHC","adjacent",2015,1,0.11,0.11,0.12,0.12
"L_LHC","L_LHC","adjacent",2016,1,0.21,0.21,0.24,0.24
"L_LHC","L_LHC","adjacent",2017,1,0.07,0.07,0.08,0.08
"L_LHC","L_LHC","adjacent",2018,1,0.54,0.54,0.58,0.58
"L_LHC","L_LHC","adjacent",2019,1,0.62,0.62,0.68,0.68
"L_LHC","L_LHC","adjacent",2020,2,0.96,0.48,1.02,0.51
"L_LHC","L_LHC","adjacent",2021,1,1.24,1.24,1.24,1.24
"L_LHC","L_LHC","distant",2011,1,6.4,6.4,6.45,6.45
"L_LHC","L_LHC","distant",2012,1,0.13,0.13,0.13,0.13
"L_LHC","L_LHC","distant",2013,3,0.84,0.28,0.85,0.283333333333333
"L_LHC","L_LHC","distant",2014,5,13.36,2.672,13.63,2.726
"L_LHC","L_LHC","distant",2015,7,8.91,1.27285714285714,10.1,1.44285714285714
"L_LHC","L_LHC","distant",2016,6,5.1,0.85,5.81,0.968333333333333
"L_LHC","L_LHC","distant",2017,6,3.26,0.543333333333333,3.63,0.605
"L_LHC","L_LHC","distant",2018,5,5.59,1.118,6.01,1.202
"L_LHC","L_LHC","distant",2019,7,0.83,0.118571428571429,0.91,0.13
"L_LHC","L_LHC","distant",2020,6,0.64,0.106666666666667,0.68,0.113333333333333
"L_LHC","L_LHC","distant",2021,9,5.07,0.563333333333333,5.07,0.563333333333333
"L_LHC","L_NHC","adjacent",2014,1,0.13,0.13,0.13,0.13
"L_LHC","L_NHC","adjacent",2015,1,0.09,0.09,0.1,0.1
"L_LHC","L_NHC","adjacent",2016,1,0.19,0.19,0.22,0.22
"L_LHC","L_NHC","adjacent",2017,1,0.4,0.4,0.45,0.45
"L_LHC","L_NHC","adjacent",2018,1,0.62,0.62,0.67,0.67
"L_LHC","L_NHC","adjacent",2019,1,0.22,0.22,0.24,0.24
"L_LHC","L_NHC","adjacent",2020,1,0.32,0.32,0.34,0.34
"L_LHC","L_NHC","adjacent",2021,1,0.18,0.18,0.18,0.18
"L_LHC","L_NHC","distant",2014,4,0.7,0.175,0.72,0.18
"L_LHC","L_NHC","distant",2015,4,1.78,0.445,2.02,0.505
"L_LHC","L_NHC","distant",2016,4,0.48,0.12,0.56,0.14
"L_LHC","L_NHC","distant",2017,4,0.39,0.0975,0.44,0.11
"L_LHC","L_NHC","distant",2018,4,1.19,0.2975,1.28,0.32
"L_LHC","L_NHC","distant",2019,7,0.64,0.0914285714285714,0.69,0.0985714285714286
"L_LHC","L_NHC","distant",2020,5,0.48,0.096,0.5,0.1
"L_LHC","L_NHC","distant",2021,4,0.51,0.1275,0.51,0.1275
"L_NHC","H_HHC","distant",2020,1,0.05,0.05,0.05,0.05
"L_NHC","H_HHC","distant",2021,1,0.02,0.02,0.02,0.02
"L_NHC","L_HHC","distant",2008,2,2.09,1.045,2.18,1.09
"L_NHC","L_HHC","distant",2009,3,0.94,0.313333333333333,1.01,0.336666666666667
"L_NHC","L_HHC","distant",2010,15,2.1,0.14,2.24,0.149333333333333
"L_NHC","L_HHC","distant",2011,20,3,0.15,3.01,0.1505
"L_NHC","L_HHC","distant",2012,20,5.75,0.2875,5.94,0.297
"L_NHC","L_HHC","distant",2013,15,1.66,0.110666666666667,1.68,0.112
"L_NHC","L_HHC","distant",2014,18,1.92,0.106666666666667,1.95,0.108333333333333
"L_NHC","L_HHC","distant",2015,24,5.4,0.225,6.08,0.253333333333333
"L_NHC","L_HHC","distant",2016,22,6.83,0.310454545454545,7.79,0.354090909090909
"L_NHC","L_HHC","distant",2017,19,8.28,0.435789473684211,9.27,0.487894736842105
"L_NHC","L_HHC","distant",2018,19,10.83,0.57,11.64,0.612631578947368
"L_NHC","L_HHC","distant",2019,18,12.02,0.667777777777778,13.16,0.731111111111111
"L_NHC","L_HHC","distant",2020,25,7.83,0.3132,8.33,0.3332
"L_NHC","L_HHC","distant",2021,22,7.54,0.342727272727273,7.54,0.342727272727273
"L_NHC","L_LHC","distant",2008,4,1.12,0.28,1.17,0.2925
"L_NHC","L_LHC","distant",2009,2,0.21,0.105,0.23,0.115
"L_NHC","L_LHC","distant",2010,22,1.68,0.0763636363636364,1.78,0.0809090909090909
"L_NHC","L_LHC","distant",2011,34,3.78,0.111176470588235,3.78,0.111176470588235
"L_NHC","L_LHC","distant",2012,31,4.69,0.151290322580645,4.84,0.156129032258065
"L_NHC","L_LHC","distant",2013,30,2.44,0.0813333333333333,2.48,0.0826666666666667
"L_NHC","L_LHC","distant",2014,29,2.34,0.0806896551724138,2.42,0.083448275862069
"L_NHC","L_LHC","distant",2015,32,4.97,0.1553125,5.64,0.17625
"L_NHC","L_LHC","distant",2016,29,2.6,0.0896551724137931,2.96,0.102068965517241
"L_NHC","L_LHC","distant",2017,31,2.25,0.0725806451612903,2.5,0.0806451612903226
"L_NHC","L_LHC","distant",2018,32,3.91,0.1221875,4.19,0.1309375
"L_NHC","L_LHC","distant",2019,30,3.2,0.106666666666667,3.47,0.115666666666667
"L_NHC","L_LHC","distant",2020,35,5.12,0.146285714285714,5.48,0.156571428571429
"L_NHC","L_LHC","distant",2021,34,5.36,0.157647058823529,5.36,0.157647058823529
"L_NHC","L_NHC","adjacent",2008,2,1.09,0.545,1.14,0.57
"L_NHC","L_NHC","adjacent",2009,2,0.29,0.145,0.32,0.16
"L_NHC","L_NHC","adjacent",2010,3,21.06,7.02,22.52,7.50666666666667
"L_NHC","L_NHC","adjacent",2011,3,20.35,6.78333333333333,20.52,6.84
"L_NHC","L_NHC","adjacent",2012,3,19.81,6.60333333333333,20.45,6.81666666666667
"L_NHC","L_NHC","adjacent",2013,3,15.04,5.01333333333333,15.39,5.13
"L_NHC","L_NHC","adjacent",2014,3,64.11,21.37,65.45,21.8166666666667
"L_NHC","L_NHC","adjacent",2015,3,20.77,6.92333333333333,23.55,7.85
"L_NHC","L_NHC","adjacent",2016,3,30.44,10.1466666666667,34.73,11.5766666666667
"L_NHC","L_NHC","adjacent",2017,3,26.65,8.88333333333333,29.85,9.95
"L_NHC","L_NHC","adjacent",2018,3,41.44,13.8133333333333,44.53,14.8433333333333
"L_NHC","L_NHC","adjacent",2019,3,46.34,15.4466666666667,50.73,16.91
"L_NHC","L_NHC","adjacent",2020,3,58.8,19.6,62.52,20.84
"L_NHC","L_NHC","adjacent",2021,3,69.92,23.3066666666667,69.92,23.3066666666667
"L_NHC","L_NHC","distant",2009,1,2.66,2.66,2.87,2.87
"L_NHC","L_NHC","distant",2010,5,0.17,0.034,0.18,0.036
"L_NHC","L_NHC","distant",2011,7,0.53,0.0757142857142857,0.53,0.0757142857142857
"L_NHC","L_NHC","distant",2012,6,0.75,0.125,0.77,0.128333333333333
"L_NHC","L_NHC","distant",2013,8,0.24,0.03,0.24,0.03
"L_NHC","L_NHC","distant",2014,5,0.27,0.054,0.27,0.054
"L_NHC","L_NHC","distant",2015,5,0.32,0.064,0.37,0.074
"L_NHC","L_NHC","distant",2016,9,0.3,0.0333333333333333,0.35,0.0388888888888889
"L_NHC","L_NHC","distant",2017,9,0.27,0.03,0.3,0.0333333333333333
"L_NHC","L_NHC","distant",2018,7,0.23,0.0328571428571429,0.24,0.0342857142857143
"L_NHC","L_NHC","distant",2019,8,0.33,0.04125,0.36,0.045
"L_NHC","L_NHC","distant",2020,11,0.43,0.0390909090909091,0.46,0.0418181818181818
"L_NHC","L_NHC","distant",2021,12,0.58,0.0483333333333333,0.58,0.0483333333333333
