"Sender.HC","Receiver.HC","Weight","Year","n","sum.value","avg.value.pair","sum.value.cnst","avg.value.pair.cnst"
"HHC","HHC","adjacent",1988,5,612.15,122.43,748.81,149.762
"HHC","HHC","adjacent",1989,4,449.16,112.29,566.18,141.545
"HHC","HHC","adjacent",1990,5,752.1,150.42,949.67,189.934
"HHC","HHC","adjacent",1991,5,949.15,189.83,1219.19,243.838
"HHC","HHC","adjacent",1992,8,1512.05,189.00625,1717.75,214.71875
"HHC","HHC","adjacent",1993,8,932.95,116.61875,968.44,121.055
"HHC","HHC","adjacent",1994,8,671.92,83.99,620.23,77.52875
"HHC","HHC","adjacent",1995,7,461.88,65.9828571428571,385.51,55.0728571428571
"HHC","HHC","adjacent",1996,9,540.62,60.0688888888889,547.92,60.88
"HHC","HHC","adjacent",1997,8,413.54,51.6925,456.93,57.11625
"HHC","HHC","adjacent",1998,11,414.97,37.7245454545455,496.26,45.1145454545455
"HHC","HHC","adjacent",1999,10,564.2,56.42,619.18,61.918
"HHC","HHC","adjacent",2000,10,365.51,36.551,377.67,37.767
"HHC","HHC","adjacent",2001,13,381.77,29.3669230769231,454.79,34.9838461538462
"HHC","HHC","adjacent",2002,12,392.44,32.7033333333333,459.81,38.3175
"HHC","HHC","adjacent",2003,11,659.32,59.9381818181818,695.15,63.1954545454546
"HHC","HHC","adjacent",2004,12,363.45,30.2875,374.23,31.1858333333333
"HHC","HHC","adjacent",2005,9,377.86,41.9844444444444,376.3,41.8111111111111
"HHC","HHC","adjacent",2006,17,523.48,30.7929411764706,555.44,32.6729411764706
"HHC","HHC","adjacent",2007,18,456.88,25.3822222222222,458.7,25.4833333333333
"HHC","HHC","adjacent",2008,15,504.24,33.616,463.15,30.8766666666667
"HHC","HHC","adjacent",2009,17,383.78,22.5752941176471,350.56,20.6211764705882
"HHC","HHC","adjacent",2010,15,266.83,17.7886666666667,250.55,16.7033333333333
"HHC","HHC","adjacent",2011,15,197.2,13.1466666666667,173.3,11.5533333333333
"HHC","HHC","adjacent",2012,14,216.52,15.4657142857143,208.25,14.875
"HHC","HHC","adjacent",2013,15,138.56,9.23733333333333,126.75,8.45
"HHC","HHC","adjacent",2014,14,157.86,11.2757142857143,147.83,10.5592857142857
"HHC","HHC","adjacent",2015,16,213.61,13.350625,238.66,14.91625
"HHC","HHC","adjacent",2016,15,121.44,8.096,133.8,8.92
"HHC","HHC","adjacent",2017,16,155.56,9.7225,170.38,10.64875
"HHC","HHC","adjacent",2018,16,192.92,12.0575,201.11,12.569375
"HHC","HHC","adjacent",2019,17,664.45,39.0852941176471,677.01,39.8241176470588
"HHC","HHC","adjacent",2020,17,823.69,48.4523529411765,811.5,47.7352941176471
"HHC","HHC","adjacent",2021,18,922.78,51.2655555555556,922.78,51.2655555555556
"HHC","HHC","distant",1988,118,3152.6,26.7169491525424,4096.48,34.7159322033898
"HHC","HHC","distant",1989,133,3290.05,24.7372180451128,4429.26,33.3027067669173
"HHC","HHC","distant",1990,133,3573.37,26.8674436090226,4615.34,34.7018045112782
"HHC","HHC","distant",1991,140,3892.59,27.8042142857143,4587.99,32.7713571428571
"HHC","HHC","distant",1992,144,3971.56,27.5802777777778,4419.17,30.6886805555556
"HHC","HHC","distant",1993,157,3609.06,22.9876433121019,4057.78,25.8457324840764
"HHC","HHC","distant",1994,165,3613.9,21.9024242424242,3695.08,22.3944242424242
"HHC","HHC","distant",1995,174,4300.03,24.712816091954,3842.37,22.0825862068966
"HHC","HHC","distant",1996,182,3699.64,20.3276923076923,3597.31,19.7654395604396
"HHC","HHC","distant",1997,188,2843.33,15.1240957446809,3120.22,16.596914893617
"HHC","HHC","distant",1998,197,3840.63,19.4955837563452,4485.56,22.7693401015228
"HHC","HHC","distant",1999,203,5112.62,25.1853201970443,5194.18,25.5870935960591
"HHC","HHC","distant",2000,197,4677.64,23.7443654822335,4705.68,23.8867005076142
"HHC","HHC","distant",2001,212,3915.57,18.4696698113208,4805.32,22.6666037735849
"HHC","HHC","distant",2002,208,3113.09,14.9667788461538,3739.9,17.9802884615385
"HHC","HHC","distant",2003,206,3725.6,18.0854368932039,4036.85,19.596359223301
"HHC","HHC","distant",2004,235,2795.16,11.8942978723404,2898.28,12.3331063829787
"HHC","HHC","distant",2005,243,4345.48,17.882633744856,4463.57,18.3686008230453
"HHC","HHC","distant",2006,300,3424.33,11.4144333333333,3636.09,12.1203
"HHC","HHC","distant",2007,318,3846.77,12.0967610062893,3937.25,12.3812893081761
"HHC","HHC","distant",2008,326,4229.94,12.9752760736196,3914.78,12.008527607362
"HHC","HHC","distant",2009,305,5041.94,16.5309508196721,4499.46,14.7523278688525
"HHC","HHC","distant",2010,291,5180.14,17.8011683848797,4515.77,15.5181099656357
"HHC","HHC","distant",2011,292,3945.85,13.5131849315068,3204.06,10.9728082191781
"HHC","HHC","distant",2012,261,4284.92,16.4173180076628,3432.61,13.1517624521073
"HHC","HHC","distant",2013,269,6132.59,22.7977323420074,5677.68,21.1066171003717
"HHC","HHC","distant",2014,288,4188.1,14.5420138888889,4059.06,14.0939583333333
"HHC","HHC","distant",2015,264,3553.38,13.4597727272727,3872.37,14.6680681818182
"HHC","HHC","distant",2016,277,5647.05,20.3864620938628,6026.45,21.7561371841155
"HHC","HHC","distant",2017,286,3523.93,12.3214335664336,3677.31,12.8577272727273
"HHC","HHC","distant",2018,281,2811.19,10.0042348754448,2908.59,10.3508540925267
"HHC","HHC","distant",2019,309,2942.69,9.52326860841424,3021.83,9.77938511326861
"HHC","HHC","distant",2020,302,3397.77,11.2508940397351,3403.98,11.2714569536424
"HHC","HHC","distant",2021,259,3680.93,14.2120849420849,3680.93,14.2120849420849
"HHC","LHC","adjacent",1988,5,689.13,137.826,780.23,156.046
"HHC","LHC","adjacent",1989,5,887.96,177.592,1066.94,213.388
"HHC","LHC","adjacent",1990,5,835.49,167.098,1040.96,208.192
"HHC","LHC","adjacent",1991,5,679.98,135.996,771.8,154.36
"HHC","LHC","adjacent",1992,6,1151.67,191.945,1210.39,201.731666666667
"HHC","LHC","adjacent",1993,6,1407.03,234.505,1303.31,217.218333333333
"HHC","LHC","adjacent",1994,7,1561.48,223.068571428571,1353.46,193.351428571429
"HHC","LHC","adjacent",1995,8,1515.2,189.4,1202.24,150.28
"HHC","LHC","adjacent",1996,8,907.54,113.4425,819.34,102.4175
"HHC","LHC","adjacent",1997,7,608.29,86.8985714285714,614.34,87.7628571428571
"HHC","LHC","adjacent",1998,10,1214.27,121.427,1295.93,129.593
"HHC","LHC","adjacent",1999,6,1233.47,205.578333333333,1154.46,192.41
"HHC","LHC","adjacent",2000,8,783.77,97.97125,714.08,89.26
"HHC","LHC","adjacent",2001,7,690.76,98.68,707,101
"HHC","LHC","adjacent",2002,10,903.43,90.343,1000.67,100.067
"HHC","LHC","adjacent",2003,10,790.88,79.088,802.37,80.237
"HHC","LHC","adjacent",2004,12,1052.72,87.7266666666667,1012.09,84.3408333333333
"HHC","LHC","adjacent",2005,11,1112.19,101.108181818182,1087.19,98.8354545454546
"HHC","LHC","adjacent",2006,12,673.06,56.0883333333333,701.47,58.4558333333333
"HHC","LHC","adjacent",2007,14,577.16,41.2257142857143,587.25,41.9464285714286
"HHC","LHC","adjacent",2008,13,443.46,34.1123076923077,396.29,30.4838461538462
"HHC","LHC","adjacent",2009,14,293.16,20.94,250.28,17.8771428571429
"HHC","LHC","adjacent",2010,12,91.47,7.6225,71.57,5.96416666666667
"HHC","LHC","adjacent",2011,12,225.53,18.7941666666667,171.03,14.2525
"HHC","LHC","adjacent",2012,12,1066.81,88.9008333333333,793.61,66.1341666666667
"HHC","LHC","adjacent",2013,10,1687.13,168.713,1251.5,125.15
"HHC","LHC","adjacent",2014,12,2342.22,195.185,1857.42,154.785
"HHC","LHC","adjacent",2015,11,2704.23,245.839090909091,2473.66,224.878181818182
"HHC","LHC","adjacent",2016,10,5868.93,586.893,5510.34,551.034
"HHC","LHC","adjacent",2017,9,7320.49,813.387777777778,7478.46,830.94
"HHC","LHC","adjacent",2018,8,6729.48,841.185,7821.05,977.63125
"HHC","LHC","adjacent",2019,9,7266.02,807.335555555556,8712.83,968.092222222222
"HHC","LHC","adjacent",2020,10,7163.67,716.367,9226.28,922.628
"HHC","LHC","adjacent",2021,11,6756.31,614.21,6756.31,614.21
"HHC","LHC","distant",1988,104,3295.15,31.6841346153846,4628.82,44.5078846153846
"HHC","LHC","distant",1989,128,3315.55,25.902734375,4730.2,36.9546875
"HHC","LHC","distant",1990,128,3069.01,23.976640625,4145.94,32.39015625
"HHC","LHC","distant",1991,128,4757.45,37.167578125,5703.69,44.560078125
"HHC","LHC","distant",1992,143,3847.55,26.9059440559441,4564.06,31.9165034965035
"HHC","LHC","distant",1993,168,3402.81,20.2548214285714,4012.81,23.8857738095238
"HHC","LHC","distant",1994,167,4625.52,27.6977245508982,4999.47,29.9369461077844
"HHC","LHC","distant",1995,177,3677.67,20.7777966101695,3306.22,18.679209039548
"HHC","LHC","distant",1996,188,3328.5,17.7047872340426,3320.14,17.6603191489362
"HHC","LHC","distant",1997,188,2719.99,14.4680319148936,3040.31,16.1718617021277
"HHC","LHC","distant",1998,213,3342.64,15.6931455399061,3898.11,18.300985915493
"HHC","LHC","distant",1999,214,3160.64,14.7693457943925,3280.99,15.3317289719626
"HHC","LHC","distant",2000,216,3133.93,14.5089351851852,3319.13,15.3663425925926
"HHC","LHC","distant",2001,224,2574.59,11.4937053571429,2993.85,13.3654017857143
"HHC","LHC","distant",2002,244,2992.93,12.266106557377,3931.62,16.1131967213115
"HHC","LHC","distant",2003,231,2856.01,12.3636796536797,3264.97,14.1340692640693
"HHC","LHC","distant",2004,252,2971.08,11.79,3054.81,12.1222619047619
"HHC","LHC","distant",2005,248,7544.78,30.4225,7804.55,31.4699596774194
"HHC","LHC","distant",2006,281,6287.28,22.3746619217082,6719,23.9110320284698
"HHC","LHC","distant",2007,293,4552.41,15.5372354948805,4645.56,15.8551535836177
"HHC","LHC","distant",2008,299,6485.16,21.6894983277592,5975.66,19.9854849498328
"HHC","LHC","distant",2009,293,4008.58,13.6811604095563,3555.58,12.1350853242321
"HHC","LHC","distant",2010,283,5126.38,18.1144169611307,4393.62,15.5251590106007
"HHC","LHC","distant",2011,294,6067.64,20.638231292517,4897.33,16.6575850340136
"HHC","LHC","distant",2012,277,5283.22,19.0729963898917,4167.23,15.0441516245487
"HHC","LHC","distant",2013,274,5698.69,20.7981386861314,5185.13,18.9238321167883
"HHC","LHC","distant",2014,280,3705.9,13.2353571428571,3618.62,12.9236428571429
"HHC","LHC","distant",2015,267,3877.51,14.5225093632959,4294.64,16.0847940074906
"HHC","LHC","distant",2016,272,4381.79,16.1095220588235,4421.39,16.2551102941176
"HHC","LHC","distant",2017,281,5774.52,20.5498932384342,5995.56,21.336512455516
"HHC","LHC","distant",2018,281,5457.73,19.4225266903915,5582.69,19.8672241992883
"HHC","LHC","distant",2019,283,5932.77,20.963851590106,5999.68,21.2002826855124
"HHC","LHC","distant",2020,280,5932.27,21.1866785714286,5818.33,20.77975
"HHC","LHC","distant",2021,279,8152.57,29.2206810035842,8152.57,29.2206810035842
"HHC","NHC","adjacent",1993,1,0.39,0.39,0.48,0.48
"HHC","NHC","adjacent",1994,1,0.06,0.06,0.1,0.1
"HHC","NHC","adjacent",1995,1,0.02,0.02,0.03,0.03
"HHC","NHC","adjacent",1998,1,1.37,1.37,1.81,1.81
"HHC","NHC","adjacent",1999,1,0.35,0.35,0.48,0.48
"HHC","NHC","adjacent",2000,1,0.96,0.96,1.32,1.32
"HHC","NHC","adjacent",2001,1,0.5,0.5,0.88,0.88
"HHC","NHC","adjacent",2002,1,1.99,1.99,3.15,3.15
"HHC","NHC","adjacent",2003,1,3.27,3.27,4.17,4.17
"HHC","NHC","adjacent",2004,1,6.1,6.1,6.59,6.59
"HHC","NHC","adjacent",2005,1,9.92,9.92,9.38,9.38
"HHC","NHC","adjacent",2006,1,12.42,12.42,11.46,11.46
"HHC","NHC","adjacent",2007,1,7.56,7.56,5.97,5.97
"HHC","NHC","adjacent",2008,1,7.96,7.96,5.65,5.65
"HHC","NHC","adjacent",2009,1,6.92,6.92,5.5,5.5
"HHC","NHC","adjacent",2010,1,5.25,5.25,3.78,3.78
"HHC","NHC","adjacent",2011,1,6.01,6.01,4.46,4.46
"HHC","NHC","adjacent",2012,1,4.94,4.94,3.66,3.66
"HHC","NHC","adjacent",2013,1,5.42,5.42,4.02,4.02
"HHC","NHC","adjacent",2014,1,4.81,4.81,3.81,3.81
"HHC","NHC","adjacent",2015,1,8.82,8.82,8.07,8.07
"HHC","NHC","adjacent",2016,1,4.72,4.72,4.43,4.43
"HHC","NHC","adjacent",2017,1,5.29,5.29,5.4,5.4
"HHC","NHC","adjacent",2018,1,1.82,1.82,2.12,2.12
"HHC","NHC","adjacent",2019,1,2.6,2.6,3.12,3.12
"HHC","NHC","adjacent",2020,1,2.28,2.28,2.94,2.94
"HHC","NHC","adjacent",2021,1,1.24,1.24,1.24,1.24
"HHC","NHC","distant",1988,39,404.26,10.365641025641,635.09,16.284358974359
"HHC","NHC","distant",1989,50,423.51,8.4702,694.55,13.891
"HHC","NHC","distant",1990,49,426.13,8.6965306122449,609.72,12.4432653061225
"HHC","NHC","distant",1991,51,362.83,7.1143137254902,478.92,9.39058823529412
"HHC","NHC","distant",1992,51,432.18,8.47411764705882,530.49,10.4017647058824
"HHC","NHC","distant",1993,62,397.2,6.40645161290323,479.6,7.73548387096774
"HHC","NHC","distant",1994,60,525.71,8.76183333333333,629.27,10.4878333333333
"HHC","NHC","distant",1995,66,503.52,7.62909090909091,476.07,7.21318181818182
"HHC","NHC","distant",1996,72,722.01,10.0279166666667,859.95,11.94375
"HHC","NHC","distant",1997,73,398.7,5.46164383561644,476.2,6.52328767123288
"HHC","NHC","distant",1998,77,418.15,5.43051948051948,506.8,6.58181818181818
"HHC","NHC","distant",1999,85,692.23,8.14388235294118,885.44,10.4169411764706
"HHC","NHC","distant",2000,83,512.98,6.18048192771084,617.79,7.44325301204819
"HHC","NHC","distant",2001,87,461.7,5.30689655172414,618.34,7.10735632183908
"HHC","NHC","distant",2002,80,376.67,4.708375,483.53,6.044125
"HHC","NHC","distant",2003,91,563.17,6.18868131868132,672.59,7.3910989010989
"HHC","NHC","distant",2004,93,1097.45,11.8005376344086,1289.8,13.8688172043011
"HHC","NHC","distant",2005,103,892.42,8.66427184466019,955.76,9.27922330097087
"HHC","NHC","distant",2006,115,595.11,5.17486956521739,644.07,5.60060869565217
"HHC","NHC","distant",2007,120,589.85,4.91541666666667,592.2,4.935
"HHC","NHC","distant",2008,129,797.37,6.18116279069767,724.86,5.61906976744186
"HHC","NHC","distant",2009,122,813,6.66393442622951,723.54,5.93065573770492
"HHC","NHC","distant",2010,120,849.95,7.08291666666667,750.81,6.25675
"HHC","NHC","distant",2011,113,796.44,7.04814159292035,638.45,5.65
"HHC","NHC","distant",2012,108,518.43,4.80027777777778,417.67,3.86731481481482
"HHC","NHC","distant",2013,108,588.47,5.4487962962963,542.96,5.02740740740741
"HHC","NHC","distant",2014,120,611.15,5.09291666666667,595.02,4.9585
"HHC","NHC","distant",2015,103,696.45,6.76165048543689,768.71,7.46320388349515
"HHC","NHC","distant",2016,108,918.52,8.50481481481481,942.91,8.73064814814815
"HHC","NHC","distant",2017,114,1041.92,9.13964912280702,1088.93,9.55201754385965
"HHC","NHC","distant",2018,111,444.6,4.00540540540541,461.84,4.16072072072072
"HHC","NHC","distant",2019,115,467.32,4.06365217391304,487,4.23478260869565
"HHC","NHC","distant",2020,117,763.31,6.52401709401709,758.72,6.48478632478632
"HHC","NHC","distant",2021,106,593.19,5.5961320754717,593.19,5.5961320754717
"LHC","HHC","adjacent",1988,3,127.16,42.3866666666667,282.29,94.0966666666667
"LHC","HHC","adjacent",1989,3,112.83,37.61,238.15,79.3833333333333
"LHC","HHC","adjacent",1990,4,112.54,28.135,228.07,57.0175
"LHC","HHC","adjacent",1991,4,108.22,27.055,213.76,53.44
"LHC","HHC","adjacent",1992,4,99.02,24.755,207.48,51.87
"LHC","HHC","adjacent",1993,4,115.3,28.825,252.31,63.0775
"LHC","HHC","adjacent",1994,4,106.76,26.69,222.36,55.59
"LHC","HHC","adjacent",1995,4,125.71,31.4275,247.23,61.8075
"LHC","HHC","adjacent",1996,4,132.95,33.2375,234.69,58.6725
"LHC","HHC","adjacent",1997,6,101.74,16.9566666666667,191.74,31.9566666666667
"LHC","HHC","adjacent",1998,5,102.28,20.456,218.08,43.616
"LHC","HHC","adjacent",1999,6,166.21,27.7016666666667,355.62,59.27
"LHC","HHC","adjacent",2000,7,193.95,27.7071428571429,433.53,61.9328571428571
"LHC","HHC","adjacent",2001,6,161.78,26.9633333333333,363.53,60.5883333333333
"LHC","HHC","adjacent",2002,6,217.05,36.175,431.7,71.95
"LHC","HHC","adjacent",2003,6,252.07,42.0116666666667,449.7,74.95
"LHC","HHC","adjacent",2004,7,296.92,42.4171428571429,470.66,67.2371428571429
"LHC","HHC","adjacent",2005,6,503.98,83.9966666666667,736.67,122.778333333333
"LHC","HHC","adjacent",2006,6,600.35,100.058333333333,846.59,141.098333333333
"LHC","HHC","adjacent",2007,7,719.92,102.845714285714,901.4,128.771428571429
"LHC","HHC","adjacent",2008,7,704.29,100.612857142857,844.7,120.671428571429
"LHC","HHC","adjacent",2009,7,725.05,103.578571428571,906.8,129.542857142857
"LHC","HHC","adjacent",2010,7,959.9,137.128571428571,1020.27,145.752857142857
"LHC","HHC","adjacent",2011,6,1213.55,202.258333333333,1184.79,197.465
"LHC","HHC","adjacent",2012,6,1188.62,198.103333333333,1105.6,184.266666666667
"LHC","HHC","adjacent",2013,6,1116.14,186.023333333333,1082.82,180.47
"LHC","HHC","adjacent",2014,7,942.44,134.634285714286,961.39,137.341428571429
"LHC","HHC","adjacent",2015,7,837.13,119.59,973.24,139.034285714286
"LHC","HHC","adjacent",2016,9,584.53,64.9477777777778,679.41,75.49
"LHC","HHC","adjacent",2017,9,630.11,70.0122222222222,694.28,77.1422222222222
"LHC","HHC","adjacent",2018,9,713.42,79.2688888888889,780.96,86.7733333333333
"LHC","HHC","adjacent",2019,8,560.53,70.06625,626.32,78.29
"LHC","HHC","adjacent",2020,9,576.93,64.1033333333333,639.6,71.0666666666667
"LHC","HHC","adjacent",2021,9,790.69,87.8544444444444,790.69,87.8544444444444
"LHC","HHC","distant",1988,145,2358.66,16.2666206896552,4610.98,31.7998620689655
"LHC","HHC","distant",1989,161,2477.52,15.3883229813665,4737.41,29.4249068322981
"LHC","HHC","distant",1990,149,3180.09,21.3428859060403,5543.45,37.2043624161074
"LHC","HHC","distant",1991,195,3361.85,17.2402564102564,5758.19,29.5291794871795
"LHC","HHC","distant",1992,203,3211.65,15.8209359605911,5278.49,26.0024137931034
"LHC","HHC","distant",1993,214,3453.15,16.136214953271,5791.89,27.0649065420561
"LHC","HHC","distant",1994,227,3592.19,15.8246255506608,5868.59,25.8528193832599
"LHC","HHC","distant",1995,210,2875.08,13.6908571428571,4434.52,21.1167619047619
"LHC","HHC","distant",1996,205,2220.19,10.8301951219512,3301.05,16.1026829268293
"LHC","HHC","distant",1997,233,2092.85,8.98218884120172,3256.94,13.9782832618026
"LHC","HHC","distant",1998,227,2037.4,8.97533039647577,3273.33,14.4199559471366
"LHC","HHC","distant",1999,219,2424.83,11.0722831050228,3856.34,17.6088584474886
"LHC","HHC","distant",2000,227,2400.51,10.5749339207048,3928.47,17.3060352422907
"LHC","HHC","distant",2001,229,2651.64,11.5792139737991,4298.63,18.7713100436681
"LHC","HHC","distant",2002,230,3236.74,14.0727826086957,5024.92,21.8474782608696
"LHC","HHC","distant",2003,221,3682.42,16.6625339366516,5304.69,24.0031221719457
"LHC","HHC","distant",2004,222,4159.12,18.7347747747748,5587.32,25.1681081081081
"LHC","HHC","distant",2005,224,4157.64,18.5608928571429,5477.13,24.4514732142857
"LHC","HHC","distant",2006,231,4299.75,18.6136363636364,5432.32,23.5165367965368
"LHC","HHC","distant",2007,231,4445.01,19.2424675324675,5257.27,22.7587445887446
"LHC","HHC","distant",2008,230,6793.14,29.5353913043478,7941.68,34.5290434782609
"LHC","HHC","distant",2009,223,6597.89,29.5869506726457,7841.82,35.1651121076233
"LHC","HHC","distant",2010,257,8242.66,32.0726070038911,9487.31,36.9156031128405
"LHC","HHC","distant",2011,279,8022.98,28.7562007168459,8720.51,31.2563082437276
"LHC","HHC","distant",2012,273,7468.06,27.3555311355311,8203.15,30.0481684981685
"LHC","HHC","distant",2013,266,8695.59,32.6901879699248,9418.63,35.4083834586466
"LHC","HHC","distant",2014,261,7564.93,28.9844061302682,8100.81,31.0375862068966
"LHC","HHC","distant",2015,261,7159.68,27.431724137931,8127.2,31.1386973180077
"LHC","HHC","distant",2016,264,7753.66,29.3699242424242,8738.23,33.0993560606061
"LHC","HHC","distant",2017,285,8771.11,30.7758245614035,9643.26,33.836
"LHC","HHC","distant",2018,280,8179.11,29.2111071428571,8731,31.1821428571429
"LHC","HHC","distant",2019,278,8024.3,28.8643884892086,8613.27,30.9829856115108
"LHC","HHC","distant",2020,279,10186.22,36.5097491039427,10726.14,38.4449462365591
"LHC","HHC","distant",2021,294,10608.7,36.0840136054422,10608.7,36.0840136054422
"LHC","LHC","adjacent",1988,2,240.88,120.44,563.78,281.89
"LHC","LHC","adjacent",1989,2,254.02,127.01,544.48,272.24
"LHC","LHC","adjacent",1990,2,262.27,131.135,543.1,271.55
"LHC","LHC","adjacent",1991,2,262.64,131.32,533.42,266.71
"LHC","LHC","adjacent",1992,2,243.02,121.51,519.82,259.91
"LHC","LHC","adjacent",1993,2,222.51,111.255,508.23,254.115
"LHC","LHC","adjacent",1994,2,237.48,118.74,496.3,248.15
"LHC","LHC","adjacent",1995,2,244.51,122.255,486.89,243.445
"LHC","LHC","adjacent",1996,2,284.31,142.155,501.18,250.59
"LHC","LHC","adjacent",1997,4,244.38,61.095,465.07,116.2675
"LHC","LHC","adjacent",1998,4,271.62,67.905,610.48,152.62
"LHC","LHC","adjacent",1999,4,181.94,45.485,383.21,95.8025
"LHC","LHC","adjacent",2000,2,212.83,106.415,486.85,243.425
"LHC","LHC","adjacent",2001,3,190.91,63.6366666666667,455.97,151.99
"LHC","LHC","adjacent",2002,3,224.31,74.77,495.2,165.066666666667
"LHC","LHC","adjacent",2003,3,245.44,81.8133333333333,456.69,152.23
"LHC","LHC","adjacent",2004,3,285.64,95.2133333333333,457.47,152.49
"LHC","LHC","adjacent",2005,4,273.44,68.36,407.1,101.775
"LHC","LHC","adjacent",2006,4,274.61,68.6525,397.48,99.37
"LHC","LHC","adjacent",2007,4,322.38,80.595,408.79,102.1975
"LHC","LHC","adjacent",2008,5,376.82,75.364,450.01,90.002
"LHC","LHC","adjacent",2009,5,336.03,67.206,421.81,84.362
"LHC","LHC","adjacent",2010,5,429,85.8,442.62,88.524
"LHC","LHC","adjacent",2011,2,543.64,271.82,476.85,238.425
"LHC","LHC","adjacent",2012,3,536.52,178.84,476,158.666666666667
"LHC","LHC","adjacent",2013,3,526.62,175.54,491.97,163.99
"LHC","LHC","adjacent",2014,4,483.11,120.7775,479.8,119.95
"LHC","LHC","adjacent",2015,4,492.59,123.1475,580.17,145.0425
"LHC","LHC","adjacent",2016,4,431.82,107.955,507.72,126.93
"LHC","LHC","adjacent",2017,7,505.57,72.2242857142857,557.25,79.6071428571429
"LHC","LHC","adjacent",2018,7,514.95,73.5642857142857,567.65,81.0928571428571
"LHC","LHC","adjacent",2019,6,469.69,78.2816666666667,535.79,89.2983333333333
"LHC","LHC","adjacent",2020,7,423.34,60.4771428571429,479.94,68.5628571428571
"LHC","LHC","adjacent",2021,7,664.39,94.9128571428571,664.39,94.9128571428571
"LHC","LHC","distant",1988,120,4474.54,37.2878333333333,8704.92,72.541
"LHC","LHC","distant",1989,130,4639.27,35.6866923076923,8840.44,68.0033846153846
"LHC","LHC","distant",1990,128,6871.69,53.685078125,12174.27,95.111484375
"LHC","LHC","distant",1991,146,7689.99,52.6711643835616,13377.24,91.6249315068493
"LHC","LHC","distant",1992,166,7128.78,42.9444578313253,11756.11,70.8199397590361
"LHC","LHC","distant",1993,169,5705.34,33.7594082840237,9310.76,55.0932544378698
"LHC","LHC","distant",1994,190,5778.99,30.4157368421053,9215.86,48.5045263157895
"LHC","LHC","distant",1995,164,4613.65,28.1320121951219,6824.51,41.6128658536585
"LHC","LHC","distant",1996,169,5772.99,34.1597041420118,8835.19,52.2792307692308
"LHC","LHC","distant",1997,193,4502.64,23.3297409326425,7028.98,36.419585492228
"LHC","LHC","distant",1998,198,4556.09,23.0105555555556,7112.95,35.9239898989899
"LHC","LHC","distant",1999,187,4852.38,25.9485561497326,7563.67,40.4474331550802
"LHC","LHC","distant",2000,203,4349.83,21.4277339901478,6921.58,34.0964532019704
"LHC","LHC","distant",2001,213,4398.17,20.6486854460094,6858.89,32.2013615023474
"LHC","LHC","distant",2002,209,6798.68,32.5295693779904,10347.3,49.5086124401914
"LHC","LHC","distant",2003,202,11117.97,55.0394554455446,15796.06,78.1983168316832
"LHC","LHC","distant",2004,206,10348.65,50.2361650485437,14204.89,68.9557766990291
"LHC","LHC","distant",2005,197,20454.21,103.82847715736,27174.17,137.939949238579
"LHC","LHC","distant",2006,202,17714.29,87.6945049504951,22550.25,111.634900990099
"LHC","LHC","distant",2007,204,13825.39,67.7715196078431,16966.49,83.169068627451
"LHC","LHC","distant",2008,226,14021.02,62.0399115044248,17052.59,75.4539380530973
"LHC","LHC","distant",2009,233,15943.2,68.4257510729614,19217.07,82.47669527897
"LHC","LHC","distant",2010,234,14397.05,61.5258547008547,17269.99,73.8033760683761
"LHC","LHC","distant",2011,239,18312.55,76.6215481171548,21050.88,88.0789958158996
"LHC","LHC","distant",2012,232,16147.26,69.6002586206897,18283.49,78.8081465517241
"LHC","LHC","distant",2013,234,14863.22,63.5180341880342,16770.52,71.6688888888889
"LHC","LHC","distant",2014,229,15004.49,65.5217903930131,16696.32,72.9096943231441
"LHC","LHC","distant",2015,229,13755.57,60.0679912663755,15622.67,68.2212663755459
"LHC","LHC","distant",2016,227,14137.43,62.2794273127753,15926.73,70.1618061674009
"LHC","LHC","distant",2017,242,15517.34,64.1212396694215,17116.97,70.7312809917355
"LHC","LHC","distant",2018,242,15955.99,65.9338429752066,17096.56,70.6469421487603
"LHC","LHC","distant",2019,240,14957.6,62.3233333333333,15954.37,66.4765416666667
"LHC","LHC","distant",2020,239,16635.68,69.6053556485356,17430.87,72.932510460251
"LHC","LHC","distant",2021,252,19322.1,76.675,19322.1,76.675
"LHC","NHC","adjacent",2005,1,0.08,0.08,0.09,0.09
"LHC","NHC","adjacent",2014,1,0.13,0.13,0.13,0.13
"LHC","NHC","adjacent",2015,1,0.09,0.09,0.1,0.1
"LHC","NHC","adjacent",2016,1,0.19,0.19,0.22,0.22
"LHC","NHC","adjacent",2017,2,0.45,0.225,0.51,0.255
"LHC","NHC","adjacent",2018,2,0.67,0.335,0.73,0.365
"LHC","NHC","adjacent",2019,2,0.24,0.12,0.26,0.13
"LHC","NHC","adjacent",2020,2,0.4,0.2,0.43,0.215
"LHC","NHC","adjacent",2021,2,1.13,0.565,1.13,0.565
"LHC","NHC","distant",1988,47,942.97,20.0631914893617,1699.72,36.1642553191489
"LHC","NHC","distant",1989,46,1095.33,23.8115217391304,2007.02,43.6308695652174
"LHC","NHC","distant",1990,44,1326.49,30.1475,2073.71,47.1297727272727
"LHC","NHC","distant",1991,64,1263.99,19.74984375,1976.11,30.87671875
"LHC","NHC","distant",1992,76,1197.03,15.7503947368421,1759.68,23.1536842105263
"LHC","NHC","distant",1993,81,1381.65,17.0574074074074,2129.71,26.2927160493827
"LHC","NHC","distant",1994,87,1604.6,18.4436781609195,2390.06,27.4719540229885
"LHC","NHC","distant",1995,83,1236.39,14.896265060241,1684.27,20.2924096385542
"LHC","NHC","distant",1996,81,1464.32,18.078024691358,2038.11,25.1618518518519
"LHC","NHC","distant",1997,90,1165.05,12.945,1752.65,19.4738888888889
"LHC","NHC","distant",1998,88,947.97,10.7723863636364,1439.85,16.3619318181818
"LHC","NHC","distant",1999,88,1432.25,16.2755681818182,2252.61,25.5978409090909
"LHC","NHC","distant",2000,94,1208.47,12.8560638297872,1965.49,20.9094680851064
"LHC","NHC","distant",2001,87,1137.12,13.0703448275862,1808.31,20.7851724137931
"LHC","NHC","distant",2002,87,1861.19,21.3929885057471,2831.53,32.5463218390805
"LHC","NHC","distant",2003,84,1633.67,19.4484523809524,2270.91,27.0346428571429
"LHC","NHC","distant",2004,87,1918.23,22.0486206896552,2457.13,28.2428735632184
"LHC","NHC","distant",2005,86,2315.2,26.9209302325581,2844.73,33.0782558139535
"LHC","NHC","distant",2006,82,1685.33,20.5528048780488,2031.39,24.7730487804878
"LHC","NHC","distant",2007,87,1516.43,17.4302298850575,1718.39,19.7516091954023
"LHC","NHC","distant",2008,88,2208.77,25.0996590909091,2436.77,27.6905681818182
"LHC","NHC","distant",2009,85,1814.36,21.3454117647059,2089.74,24.5851764705882
"LHC","NHC","distant",2010,101,2770.28,27.4285148514851,3076.7,30.4623762376238
"LHC","NHC","distant",2011,106,1981.87,18.6968867924528,2196.42,20.7209433962264
"LHC","NHC","distant",2012,103,2432.09,23.6125242718447,2728.11,26.4865048543689
"LHC","NHC","distant",2013,106,2242.42,21.1549056603774,2472.23,23.3229245283019
"LHC","NHC","distant",2014,106,2259.17,21.3129245283019,2439.15,23.0108490566038
"LHC","NHC","distant",2015,104,2069.82,19.9021153846154,2356.17,22.6554807692308
"LHC","NHC","distant",2016,101,1683.08,16.6641584158416,1898.02,18.7922772277228
"LHC","NHC","distant",2017,105,1939.82,18.4744761904762,2143.66,20.4158095238095
"LHC","NHC","distant",2018,102,2258.23,22.1395098039216,2406.04,23.5886274509804
"LHC","NHC","distant",2019,101,2388.03,23.6438613861386,2569.7,25.4425742574257
"LHC","NHC","distant",2020,101,2566.15,25.4074257425743,2689.55,26.6292079207921
"LHC","NHC","distant",2021,107,2838.11,26.5243925233645,2838.11,26.5243925233645
"NHC","HHC","distant",1988,460,2826.27,6.1440652173913,5292.44,11.5053043478261
"NHC","HHC","distant",1989,449,2525.03,5.62367483296214,4818.53,10.7316926503341
"NHC","HHC","distant",1990,486,3988.34,8.20646090534979,6467.47,13.3075514403292
"NHC","HHC","distant",1991,491,3459.86,7.04655804480652,5476.84,11.1544602851324
"NHC","HHC","distant",1992,504,2862.98,5.68051587301587,4281.76,8.49555555555556
"NHC","HHC","distant",1993,550,2709.96,4.9272,4352.09,7.91289090909091
"NHC","HHC","distant",1994,571,3019.75,5.2885288966725,4693.28,8.21940455341506
"NHC","HHC","distant",1995,600,2977.05,4.96175,4135.48,6.89246666666667
"NHC","HHC","distant",1996,570,3499.19,6.1389298245614,4880.06,8.56150877192982
"NHC","HHC","distant",1997,591,2899.33,4.90580372250423,4514.91,7.63944162436548
"NHC","HHC","distant",1998,616,2917.55,4.73628246753247,4610.48,7.48454545454545
"NHC","HHC","distant",1999,614,2799,4.5586319218241,4514.95,7.35333876221498
"NHC","HHC","distant",2000,627,2693.45,4.29577352472089,4717.09,7.52326953748006
"NHC","HHC","distant",2001,641,3003.19,4.68516380655226,5370.7,8.3786271450858
"NHC","HHC","distant",2002,648,3038.9,4.68966049382716,5079.8,7.8391975308642
"NHC","HHC","distant",2003,668,3818.41,5.71618263473054,5381.92,8.05676646706587
"NHC","HHC","distant",2004,684,4358.34,6.37184210526316,5494.86,8.03342105263158
"NHC","HHC","distant",2005,668,5145.01,7.70211077844311,6318.27,9.4584880239521
"NHC","HHC","distant",2006,677,5208.87,7.69404726735598,6107.12,9.02085672082718
"NHC","HHC","distant",2007,692,6136.49,8.86776011560694,6513.84,9.41306358381503
"NHC","HHC","distant",2008,714,7119.06,9.97067226890756,7179.35,10.0551120448179
"NHC","HHC","distant",2009,726,5968.18,8.22063360881543,6416.56,8.83823691460055
"NHC","HHC","distant",2010,738,6079.07,8.23722222222222,6448.86,8.73829268292683
"NHC","HHC","distant",2011,749,6570.23,8.77200267022697,6472.95,8.64212283044059
"NHC","HHC","distant",2012,743,5952.49,8.0114266487214,6071.56,8.17168236877524
"NHC","HHC","distant",2013,747,6837.04,9.1526639892905,6797.29,9.09945113788487
"NHC","HHC","distant",2014,714,8933.19,12.5114705882353,8836.32,12.3757983193277
"NHC","HHC","distant",2015,740,8102.93,10.9499054054054,9151.48,12.3668648648649
"NHC","HHC","distant",2016,741,9892.72,13.3504993252362,11522.11,15.5494062078273
"NHC","HHC","distant",2017,768,10087.58,13.1348697916667,11539.7,15.0256510416667
"NHC","HHC","distant",2018,744,12471.17,16.7623252688172,13507.02,18.1545967741935
"NHC","HHC","distant",2019,774,9188.51,11.8714599483204,10291.7,13.2967700258398
"NHC","HHC","distant",2020,816,10062.14,12.3310539215686,10916.37,13.3779044117647
"NHC","HHC","distant",2021,845,9055.39,10.7164378698225,9055.39,10.7164378698225
"NHC","LHC","adjacent",1989,3,0.12,0.04,0.21,0.07
"NHC","LHC","adjacent",1990,3,35.98,11.9933333333333,57.42,19.14
"NHC","LHC","adjacent",1991,3,10.09,3.36333333333333,15.49,5.16333333333333
"NHC","LHC","adjacent",1992,2,0.84,0.42,1.22,0.61
"NHC","LHC","adjacent",1993,3,5.2,1.73333333333333,7.76,2.58666666666667
"NHC","LHC","adjacent",1994,3,10.53,3.51,15.88,5.29333333333333
"NHC","LHC","adjacent",1995,2,12.56,6.28,16.53,8.265
"NHC","LHC","adjacent",1996,3,5.44,1.81333333333333,7.43,2.47666666666667
"NHC","LHC","adjacent",1997,4,4.7,1.175,7.16,1.79
"NHC","LHC","adjacent",1998,2,3.79,1.895,5.95,2.975
"NHC","LHC","adjacent",1999,3,3.18,1.06,5.18,1.72666666666667
"NHC","LHC","adjacent",2000,2,2.57,1.285,4.78,2.39
"NHC","LHC","adjacent",2001,3,2.69,0.896666666666667,5.04,1.68
"NHC","LHC","adjacent",2002,3,4.21,1.40333333333333,7.34,2.44666666666667
"NHC","LHC","adjacent",2003,5,6.49,1.298,9.19,1.838
"NHC","LHC","adjacent",2004,5,4.52,0.904,5.8,1.16
"NHC","LHC","adjacent",2005,2,0.72,0.36,0.87,0.435
"NHC","LHC","adjacent",2006,3,0.56,0.186666666666667,0.65,0.216666666666667
"NHC","LHC","adjacent",2007,2,0.43,0.215,0.45,0.225
"NHC","LHC","adjacent",2008,3,4.48,1.49333333333333,4.64,1.54666666666667
"NHC","LHC","adjacent",2009,2,0.57,0.285,0.58,0.29
"NHC","LHC","adjacent",2010,2,2.13,1.065,2.26,1.13
"NHC","LHC","adjacent",2011,2,1.79,0.895,1.81,0.905
"NHC","LHC","adjacent",2012,2,2.37,1.185,2.45,1.225
"NHC","LHC","adjacent",2013,2,2.22,1.11,2.27,1.135
"NHC","LHC","adjacent",2014,2,3.49,1.745,3.56,1.78
"NHC","LHC","adjacent",2015,2,3.12,1.56,3.53,1.765
"NHC","LHC","adjacent",2016,2,86.85,43.425,99.11,49.555
"NHC","LHC","adjacent",2017,2,17.58,8.79,19.69,9.845
"NHC","LHC","adjacent",2018,1,0.03,0.03,0.03,0.03
"NHC","LHC","adjacent",2019,3,14.89,4.96333333333333,16.31,5.43666666666667
"NHC","LHC","adjacent",2020,3,11.12,3.70666666666667,11.82,3.94
"NHC","LHC","adjacent",2021,3,43.74,14.58,43.74,14.58
"NHC","LHC","distant",1988,429,5537.89,12.9088344988345,10488.37,24.4484149184149
"NHC","LHC","distant",1989,429,5803.48,13.5279254079254,11020.43,25.688648018648
"NHC","LHC","distant",1990,481,9055.07,18.8255093555094,14681.61,30.5230977130977
"NHC","LHC","distant",1991,495,8467.53,17.1061212121212,13434.85,27.1411111111111
"NHC","LHC","distant",1992,496,7933.8,15.995564516129,11910.28,24.0126612903226
"NHC","LHC","distant",1993,519,6196.23,11.9387861271676,9936.71,19.1458766859345
"NHC","LHC","distant",1994,545,6582.6,12.0781651376147,10306.59,18.9111743119266
"NHC","LHC","distant",1995,576,7668.58,13.3135069444444,10534.29,18.2886979166667
"NHC","LHC","distant",1996,581,7539.12,12.9761101549053,10559.62,18.1749053356282
"NHC","LHC","distant",1997,590,6727.32,11.4022372881356,10317.88,17.4879322033898
"NHC","LHC","distant",1998,633,6585.16,10.4030963665087,10264.23,16.2152132701422
"NHC","LHC","distant",1999,642,6031.52,9.39489096573209,9475.71,14.7596728971963
"NHC","LHC","distant",2000,626,5887.39,9.40477635782748,10007.78,15.9868690095847
"NHC","LHC","distant",2001,663,6590.33,9.94016591251885,11500.23,17.3457466063348
"NHC","LHC","distant",2002,705,7159.56,10.1554042553191,11723.66,16.629304964539
"NHC","LHC","distant",2003,721,10379.87,14.3964909847434,14341.79,19.8915256588072
"NHC","LHC","distant",2004,742,10568.35,14.2430592991914,12878.54,17.3565229110512
"NHC","LHC","distant",2005,706,19172.35,27.1563031161473,22733.47,32.2003824362606
"NHC","LHC","distant",2006,711,18228.47,25.6377918424754,20701.2,29.115611814346
"NHC","LHC","distant",2007,723,18184.88,25.1519778699862,19087.8,26.4008298755187
"NHC","LHC","distant",2008,730,17706.76,24.2558356164384,17737.15,24.2974657534247
"NHC","LHC","distant",2009,737,14322.61,19.4336635006784,15349.19,20.8265807327001
"NHC","LHC","distant",2010,755,14973.97,19.8330728476821,15952.29,21.1288609271523
"NHC","LHC","distant",2011,782,15795,20.1982097186701,15679.93,20.0510613810742
"NHC","LHC","distant",2012,766,15030.42,19.6219582245431,15414.56,20.1234464751958
"NHC","LHC","distant",2013,770,20699.82,26.8828831168831,20657.6,26.8280519480519
"NHC","LHC","distant",2014,746,18946.07,25.3968766756032,18774.27,25.166581769437
"NHC","LHC","distant",2015,769,17969.44,23.3672821846554,20259.65,26.3454486345904
"NHC","LHC","distant",2016,776,17629.33,22.7182087628866,20515.78,26.4378608247423
"NHC","LHC","distant",2017,772,16600.92,21.5037823834197,19041.86,24.665621761658
"NHC","LHC","distant",2018,767,17029.34,22.2025293350717,18538.87,24.1706258148631
"NHC","LHC","distant",2019,818,16631.37,20.3317481662592,18686.8,22.8444987775061
"NHC","LHC","distant",2020,846,16965.82,20.0541607565012,18413.56,21.7654373522459
"NHC","LHC","distant",2021,869,15865.08,18.2567088607595,15865.08,18.2567088607595
"NHC","NHC","adjacent",1989,1,1.45,1.45,2.56,2.56
"NHC","NHC","adjacent",1990,1,1.45,1.45,2.31,2.31
"NHC","NHC","adjacent",1991,1,1.45,1.45,2.23,2.23
"NHC","NHC","adjacent",1992,1,1.45,1.45,2.11,2.11
"NHC","NHC","adjacent",1993,1,1.45,1.45,2.17,2.17
"NHC","NHC","adjacent",1994,1,1.91,1.91,2.72,2.72
"NHC","NHC","adjacent",1995,1,1.45,1.45,1.85,1.85
"NHC","NHC","adjacent",1996,1,1.45,1.45,1.96,1.96
"NHC","NHC","adjacent",1997,1,1.45,1.45,2.1,2.1
"NHC","NHC","adjacent",1998,3,7.03,2.34333333333333,11.66,3.88666666666667
"NHC","NHC","adjacent",1999,3,10.37,3.45666666666667,18.42,6.14
"NHC","NHC","adjacent",2000,3,7.33,2.44333333333333,13.17,4.39
"NHC","NHC","adjacent",2001,3,6.01,2.00333333333333,9.88,3.29333333333333
"NHC","NHC","adjacent",2002,5,11.52,2.304,18.96,3.792
"NHC","NHC","adjacent",2003,7,16.56,2.36571428571429,25,3.57142857142857
"NHC","NHC","adjacent",2004,7,12.99,1.85571428571429,17.4,2.48571428571429
"NHC","NHC","adjacent",2005,7,27.79,3.97,33.8,4.82857142857143
"NHC","NHC","adjacent",2006,7,14.92,2.13142857142857,17.31,2.47285714285714
"NHC","NHC","adjacent",2007,7,32.15,4.59285714285714,31.98,4.56857142857143
"NHC","NHC","adjacent",2008,9,41.05,4.56111111111111,35.4,3.93333333333333
"NHC","NHC","adjacent",2009,9,29.9,3.32222222222222,30.59,3.39888888888889
"NHC","NHC","adjacent",2010,10,55.73,5.573,57.03,5.703
"NHC","NHC","adjacent",2011,10,65.92,6.592,63.6,6.36
"NHC","NHC","adjacent",2012,10,58.38,5.838,59.7,5.97
"NHC","NHC","adjacent",2013,10,69.12,6.912,69.01,6.901
"NHC","NHC","adjacent",2014,10,112.17,11.217,112.21,11.221
"NHC","NHC","adjacent",2015,10,76.97,7.697,88.04,8.804
"NHC","NHC","adjacent",2016,10,80.64,8.064,94.52,9.452
"NHC","NHC","adjacent",2017,10,128.05,12.805,143.44,14.344
"NHC","NHC","adjacent",2018,10,153.37,15.337,162.83,16.283
"NHC","NHC","adjacent",2019,10,185.03,18.503,201.86,20.186
"NHC","NHC","adjacent",2020,10,258.47,25.847,275.78,27.578
"NHC","NHC","adjacent",2021,10,252.39,25.239,252.39,25.239
"NHC","NHC","distant",1988,168,783.06,4.66107142857143,1496.12,8.90547619047619
"NHC","NHC","distant",1989,171,860.59,5.03269005847953,1672,9.77777777777778
"NHC","NHC","distant",1990,182,1298.68,7.1356043956044,2134.9,11.7302197802198
"NHC","NHC","distant",1991,204,1422.15,6.97132352941176,2292.51,11.2377941176471
"NHC","NHC","distant",1992,206,1661.35,8.06480582524272,2453.93,11.9122815533981
"NHC","NHC","distant",1993,207,1201.66,5.80512077294686,1890.93,9.13492753623188
"NHC","NHC","distant",1994,212,1028.87,4.85316037735849,1581.89,7.46174528301887
"NHC","NHC","distant",1995,238,1198.56,5.03596638655462,1653.79,6.9486974789916
"NHC","NHC","distant",1996,249,1234.4,4.9574297188755,1733.6,6.96224899598394
"NHC","NHC","distant",1997,247,1212.77,4.91,1874.89,7.59064777327935
"NHC","NHC","distant",1998,260,1045.72,4.022,1652.96,6.35753846153846
"NHC","NHC","distant",1999,258,1324.81,5.13492248062015,2205.95,8.55019379844961
"NHC","NHC","distant",2000,264,1168.95,4.42784090909091,2106.69,7.97988636363636
"NHC","NHC","distant",2001,272,1154.1,4.24301470588235,2106.24,7.7435294117647
"NHC","NHC","distant",2002,280,2216.21,7.91503571428571,3618.33,12.9226071428571
"NHC","NHC","distant",2003,299,1344.99,4.49829431438127,1928.63,6.45026755852843
"NHC","NHC","distant",2004,305,1593.91,5.22593442622951,2055.82,6.74039344262295
"NHC","NHC","distant",2005,292,1831.58,6.27253424657534,2286.94,7.83198630136986
"NHC","NHC","distant",2006,296,2118.65,7.15760135135135,2531.93,8.55381756756757
"NHC","NHC","distant",2007,303,1920.01,6.33666666666667,2091.17,6.90155115511551
"NHC","NHC","distant",2008,301,2572.79,8.54747508305648,2633.91,8.75053156146179
"NHC","NHC","distant",2009,292,1958.36,6.70671232876712,2096.24,7.17890410958904
"NHC","NHC","distant",2010,300,2151.12,7.1704,2289.72,7.6324
"NHC","NHC","distant",2011,296,1943.92,6.5672972972973,1903.84,6.43189189189189
"NHC","NHC","distant",2012,292,1805.62,6.1836301369863,1849.76,6.33479452054794
"NHC","NHC","distant",2013,298,1694.35,5.68573825503356,1680.24,5.63838926174497
"NHC","NHC","distant",2014,291,2227.69,7.65529209621993,2209.61,7.59316151202749
"NHC","NHC","distant",2015,287,2293.18,7.99017421602787,2662.7,9.27770034843206
"NHC","NHC","distant",2016,282,2107.52,7.47347517730496,2461.43,8.72847517730496
"NHC","NHC","distant",2017,284,3165.76,11.1470422535211,3585.96,12.6266197183099
"NHC","NHC","distant",2018,284,2996.63,10.551514084507,3250.45,11.4452464788732
"NHC","NHC","distant",2019,294,2751.02,9.35721088435374,3075.4,10.4605442176871
"NHC","NHC","distant",2020,311,2535.55,8.15289389067524,2751.44,8.84707395498392
"NHC","NHC","distant",2021,318,2878.95,9.05330188679245,2878.95,9.05330188679245
